last_name, first_name,player_id,name_abbrev,team_id,position_name,age,bat_side,seconds_since_hit_000,seconds_since_hit_005,seconds_since_hit_010,seconds_since_hit_015,seconds_since_hit_020,seconds_since_hit_025,seconds_since_hit_030,seconds_since_hit_035,seconds_since_hit_040,seconds_since_hit_045,seconds_since_hit_050,seconds_since_hit_055,seconds_since_hit_060,seconds_since_hit_065,seconds_since_hit_070,seconds_since_hit_075,seconds_since_hit_080,seconds_since_hit_085,seconds_since_hit_090
Abreu, Jose,547989,CWS,145,1B,31,R,0,0.55,0.86,1.14,1.39,1.62,1.85,2.05,2.26,2.45,2.64,2.83,3.02,3.2,3.39,3.57,3.75,3.94,4.13
Acuna Jr., Ronald,660670,ATL,144,LF,21,R,0,0.52,0.8,1.04,1.27,1.48,1.68,1.87,2.05,2.23,2.41,2.58,2.74,2.91,3.08,3.24,3.4,3.57,3.74
Adames, Willy,642715,TB,139,SS,23,R,0,0.54,0.83,1.09,1.33,1.55,1.76,1.96,2.15,2.34,2.52,2.7,2.88,3.05,3.22,3.39,3.56,3.74,3.91
Adams, Matt,571431,STL,138,1B,30,L,0,0.53,0.83,1.1,1.36,1.59,1.81,2.02,2.22,2.42,2.61,2.8,2.99,3.17,3.36,3.54,3.73,3.92,4.11
Adduci, Jim,451192,DET,116,1B,33,L,0,0.53,0.81,1.07,1.3,1.52,1.73,1.93,2.12,2.3,2.48,2.66,2.83,3.01,3.17,3.34,3.51,3.68,3.86
Adrianza, Ehire,501303,MIN,142,SS,29,L,0,0.52,0.81,1.07,1.31,1.54,1.75,1.96,2.15,2.35,2.53,2.72,2.9,3.08,3.26,3.44,3.62,3.81,4
Aguilar, Jesus,542583,MIL,158,1B,28,R,0,0.59,0.93,1.23,1.49,1.74,1.98,2.2,2.42,2.62,2.83,3.03,3.23,3.43,3.62,3.82,4.02,4.22,4.43
Ahmed, Nick,605113,ARI,109,SS,28,R,0,0.54,0.84,1.11,1.35,1.58,1.8,2,2.2,2.39,2.57,2.75,2.93,3.11,3.29,3.46,3.63,3.81,3.98
Albies, Ozzie,645277,ATL,144,2B,21,L,0,0.51,0.79,1.03,1.25,1.47,1.67,1.86,2.05,2.23,2.4,2.58,2.75,2.92,3.09,3.26,3.43,3.61,3.79
Albies, Ozzie,645277,ATL,144,2B,21,R,0,0.55,0.83,1.08,1.31,1.52,1.73,1.92,2.11,2.29,2.47,2.64,2.81,2.99,3.15,3.32,3.49,3.66,3.84
Alfaro, Jorge,595751,PHI,143,C,25,R,0,0.56,0.86,1.12,1.37,1.6,1.81,2.02,2.22,2.41,2.59,2.78,2.96,3.13,3.31,3.48,3.66,3.83,4.01
Allen, Greg,656185,CLE,114,CF,25,L,0,0.52,0.8,1.05,1.28,1.5,1.7,1.89,2.08,2.26,2.43,2.61,2.78,2.94,3.11,3.28,3.44,3.62,3.8
Almora Jr., Albert,546991,CHC,112,CF,24,R,0,0.55,0.85,1.11,1.36,1.59,1.81,2.01,2.21,2.4,2.59,2.77,2.95,3.13,3.31,3.48,3.66,3.83,4.02
Alonso, Yonder,475174,CLE,114,1B,31,L,0,0.55,0.87,1.17,1.44,1.69,1.93,2.16,2.38,2.59,2.8,3.01,3.22,3.43,3.64,3.85,4.07,4.3,4.55
Altherr, Aaron,571437,PHI,143,RF,27,R,0,0.51,0.8,1.05,1.29,1.51,1.72,1.92,2.11,2.3,2.48,2.66,2.83,3,3.18,3.34,3.51,3.68,3.85
Altuve, Jose,514888,HOU,117,2B,28,R,0,0.53,0.8,1.05,1.28,1.49,1.7,1.89,2.07,2.25,2.43,2.6,2.77,2.93,3.1,3.27,3.43,3.6,3.77
Anderson, Brian,605119,MIA,146,RF,25,R,0,0.55,0.84,1.11,1.36,1.59,1.8,2.01,2.21,2.41,2.6,2.78,2.97,3.15,3.33,3.51,3.69,3.88,4.07
Anderson, Tim,641313,CWS,145,SS,25,R,0,0.53,0.82,1.06,1.3,1.51,1.72,1.91,2.1,2.28,2.46,2.63,2.8,2.97,3.14,3.31,3.48,3.65,3.82
Andrus, Elvis,462101,TEX,140,SS,30,R,0,0.55,0.85,1.11,1.36,1.59,1.8,2.01,2.21,2.4,2.58,2.77,2.95,3.13,3.31,3.48,3.66,3.84,4.03
Andujar, Miguel,609280,NYY,147,3B,23,R,0,0.54,0.83,1.09,1.33,1.55,1.76,1.96,2.15,2.34,2.52,2.7,2.88,3.06,3.23,3.4,3.58,3.76,3.94
Arcia, Francisco,516472,LAA,108,C,29,L,0,0.52,0.83,1.11,1.37,1.62,1.85,2.07,2.29,2.5,2.7,2.9,3.1,3.3,3.5,3.71,3.91,4.12,4.35
Arcia, Orlando,606115,MIL,158,SS,24,R,0,0.55,0.85,1.12,1.36,1.59,1.81,2.01,2.21,2.4,2.59,2.78,2.96,3.14,3.33,3.51,3.69,3.88,4.08
Arenado, Nolan,571448,COL,115,3B,27,R,0,0.57,0.89,1.17,1.43,1.68,1.91,2.12,2.33,2.54,2.74,2.93,3.13,3.32,3.51,3.7,3.89,4.08,4.29
Astudillo, Willians,553902,MIN,142,C,27,R,0,0.56,0.88,1.16,1.43,1.68,1.91,2.13,2.34,2.55,2.75,2.96,3.16,3.36,3.56,3.77,3.98,4.21,4.45
Asuaje, Carlos,641319,SD,135,2B,27,L,0,0.52,0.81,1.07,1.31,1.54,1.75,1.96,2.15,2.34,2.53,2.71,2.9,3.08,3.26,3.44,3.62,3.8,3.99
Austin, Tyler,592122,MIN,142,1B,27,R,0,0.54,0.83,1.1,1.34,1.57,1.79,2,2.19,2.39,2.57,2.76,2.94,3.12,3.3,3.47,3.65,3.83,4.01
Avila, Alex,488671,ARI,109,C,31,L,0,0.54,0.89,1.19,1.46,1.72,1.95,2.18,2.4,2.62,2.83,3.04,3.24,3.45,3.65,3.86,4.07,4.29,4.51
Bader, Harrison,664056,STL,138,CF,24,R,0,0.54,0.83,1.08,1.31,1.53,1.73,1.92,2.11,2.29,2.46,2.64,2.81,2.97,3.14,3.3,3.46,3.63,3.79
Baez, Javier,595879,CHC,112,2B,26,R,0,0.55,0.84,1.1,1.33,1.56,1.76,1.96,2.15,2.33,2.51,2.69,2.86,3.04,3.21,3.37,3.54,3.71,3.89
Barnes, Austin,605131,LAD,119,C,29,R,0,0.53,0.83,1.09,1.34,1.57,1.78,1.99,2.19,2.38,2.57,2.76,2.94,3.12,3.3,3.48,3.66,3.84,4.02
Barnhart, Tucker,571466,CIN,113,C,27,L,0,0.54,0.85,1.13,1.39,1.64,1.87,2.08,2.29,2.5,2.7,2.9,3.1,3.3,3.49,3.69,3.88,4.09,4.3
Bauers, Jake,641343,TB,139,1B,23,L,0,0.55,0.84,1.1,1.34,1.57,1.78,1.98,2.17,2.36,2.54,2.72,2.89,3.07,3.25,3.42,3.59,3.77,3.95
Bautista, Jose,430832,PHI,143,RF,38,R,0,0.55,0.86,1.15,1.41,1.64,1.87,2.08,2.29,2.5,2.7,2.89,3.09,3.28,3.47,3.66,3.85,4.04,4.24
Beckham, Tim,542921,BAL,110,SS,28,R,0,0.56,0.86,1.13,1.38,1.61,1.83,2.04,2.24,2.43,2.62,2.8,2.99,3.17,3.35,3.53,3.7,3.88,4.07
Bell, Josh,605137,PIT,134,1B,26,L,0,0.54,0.84,1.11,1.36,1.59,1.81,2.02,2.22,2.42,2.61,2.79,2.98,3.16,3.34,3.52,3.7,3.89,4.08
Bell, Josh,605137,PIT,134,1B,26,R,0,0.54,0.84,1.11,1.36,1.59,1.81,2.02,2.21,2.41,2.6,2.78,2.97,3.15,3.32,3.5,3.68,3.86,4.04
Bellinger, Cody,641355,LAD,119,1B,23,L,0,0.54,0.82,1.07,1.3,1.51,1.72,1.91,2.09,2.27,2.45,2.62,2.79,2.96,3.13,3.29,3.46,3.63,3.81
Belt, Brandon,474832,SF,137,1B,30,L,0,0.54,0.84,1.11,1.36,1.59,1.82,2.03,2.23,2.43,2.62,2.81,3,3.19,3.38,3.56,3.75,3.94,4.14
Beltre, Adrian,134181,TEX,140,3B,39,R,0,0.54,0.85,1.14,1.4,1.65,1.88,2.1,2.31,2.52,2.72,2.92,3.12,3.31,3.51,3.7,3.89,4.09,4.3
Benintendi, Andrew,643217,BOS,111,LF,24,L,0,0.52,0.8,1.05,1.28,1.5,1.71,1.91,2.1,2.28,2.46,2.64,2.82,2.99,3.16,3.34,3.51,3.69,3.87
Betts, Mookie,605141,BOS,111,RF,26,R,0,0.53,0.82,1.08,1.32,1.54,1.74,1.94,2.13,2.31,2.49,2.67,2.84,3.01,3.18,3.35,3.52,3.69,3.87
Bird, Greg,595885,NYY,147,1B,26,L,0,0.55,0.86,1.14,1.39,1.63,1.85,2.07,2.27,2.48,2.67,2.87,3.07,3.27,3.46,3.66,3.87,4.09,4.33
Blackmon, Charlie,453568,COL,115,CF,32,L,0,0.52,0.8,1.06,1.3,1.52,1.73,1.93,2.12,2.31,2.49,2.67,2.85,3.02,3.19,3.37,3.54,3.72,3.91
Blanco, Gregor,453923,SF,137,LF,35,L,0,0.54,0.83,1.08,1.32,1.54,1.75,1.95,2.14,2.32,2.5,2.68,2.86,3.03,3.2,3.37,3.55,3.73,3.92
Blandino, Alex,607468,CIN,113,2B,26,R,0,0.53,0.84,1.11,1.37,1.61,1.83,2.04,2.25,2.44,2.64,2.83,3.01,3.2,3.38,3.57,3.75,3.93,4.12
Bogaerts, Xander,593428,BOS,111,SS,26,R,0,0.54,0.85,1.11,1.35,1.57,1.79,1.99,2.18,2.37,2.55,2.73,2.91,3.09,3.26,3.43,3.61,3.79,3.97
Bonifacio, Jorge,593528,KC,118,RF,25,R,0,0.54,0.84,1.1,1.35,1.58,1.79,1.99,2.19,2.38,2.56,2.74,2.92,3.09,3.26,3.43,3.61,3.78,3.97
Bote, David,623520,CHC,112,3B,25,R,0,0.53,0.82,1.08,1.32,1.54,1.76,1.96,2.15,2.34,2.53,2.71,2.89,3.07,3.24,3.42,3.59,3.77,3.94
Bour, Justin,571506,PHI,143,1B,30,L,0,0.56,0.88,1.17,1.44,1.68,1.91,2.14,2.35,2.56,2.77,2.97,3.17,3.37,3.57,3.77,3.98,4.2,4.42
Bradley Jr., Jackie,598265,BOS,111,CF,28,L,0,0.52,0.8,1.05,1.29,1.51,1.72,1.92,2.11,2.3,2.48,2.66,2.84,3.02,3.19,3.36,3.54,3.71,3.89
Brantley, Michael,488726,CLE,114,LF,31,L,0,0.53,0.81,1.08,1.32,1.55,1.76,1.97,2.17,2.36,2.55,2.74,2.92,3.11,3.29,3.48,3.67,3.87,4.08
Braun, Ryan,460075,MIL,158,LF,35,R,0,0.54,0.84,1.1,1.35,1.57,1.79,1.99,2.19,2.38,2.57,2.76,2.94,3.13,3.3,3.48,3.67,3.85,4.04
Bregman, Alex,608324,HOU,117,3B,24,R,0,0.54,0.83,1.09,1.33,1.56,1.77,1.97,2.17,2.36,2.54,2.72,2.9,3.08,3.25,3.43,3.6,3.78,3.96
Briceno, Jose,593993,LAA,108,C,26,R,0,0.56,0.87,1.15,1.41,1.65,1.87,2.09,2.29,2.49,2.68,2.87,3.06,3.25,3.43,3.62,3.8,3.99,4.18
Brinson, Lewis,621446,MIA,146,CF,24,R,0,0.55,0.85,1.1,1.34,1.56,1.76,1.96,2.15,2.33,2.51,2.68,2.86,3.03,3.19,3.36,3.53,3.69,3.86
Bruce, Jay,457803,NYM,121,RF,31,L,0,0.55,0.85,1.12,1.37,1.6,1.83,2.04,2.24,2.44,2.64,2.83,3.02,3.21,3.4,3.6,3.79,4,4.2
Bryant, Kris,592178,CHC,112,3B,26,R,0,0.56,0.86,1.13,1.37,1.6,1.81,2.02,2.21,2.4,2.59,2.77,2.95,3.13,3.3,3.48,3.65,3.83,4.01
Butera, Drew,460077,COL,115,C,35,R,0,0.56,0.88,1.16,1.42,1.67,1.9,2.12,2.34,2.55,2.75,2.96,3.16,3.36,3.55,3.75,3.95,4.15,4.37
Cabrera, Asdrubal,452678,PHI,143,2B,33,R,0,0.55,0.87,1.15,1.41,1.65,1.87,2.08,2.29,2.49,2.69,2.88,3.07,3.26,3.44,3.63,3.82,4.01,4.21
Cabrera, Asdrubal,452678,PHI,143,2B,33,L,0,0.54,0.85,1.13,1.39,1.63,1.85,2.06,2.27,2.47,2.66,2.85,3.04,3.23,3.42,3.61,3.8,4,4.2
Cabrera, Melky,466320,CLE,114,RF,34,L,0,0.52,0.81,1.08,1.33,1.56,1.78,1.99,2.19,2.38,2.58,2.76,2.95,3.14,3.32,3.51,3.7,3.89,4.09
Cain, Lorenzo,456715,MIL,158,CF,32,R,0,0.55,0.85,1.1,1.34,1.56,1.77,1.96,2.15,2.33,2.51,2.69,2.86,3.03,3.2,3.37,3.53,3.7,3.88
Calhoun, Kole,594777,LAA,108,RF,31,L,0,0.52,0.8,1.07,1.32,1.55,1.78,1.99,2.19,2.38,2.58,2.77,2.96,3.14,3.33,3.51,3.7,3.89,4.08
Calhoun, Willie,641432,TEX,140,LF,24,L,0,0.55,0.86,1.14,1.39,1.63,1.85,2.07,2.27,2.47,2.66,2.86,3.05,3.23,3.42,3.6,3.78,3.97,4.16
Camargo, Johan,622666,ATL,144,3B,25,L,0,0.54,0.84,1.11,1.35,1.58,1.8,2.01,2.21,2.4,2.59,2.78,2.97,3.15,3.34,3.53,3.72,3.94,4.18
Camargo, Johan,622666,ATL,144,3B,25,R,0,0.53,0.83,1.1,1.35,1.59,1.81,2.02,2.22,2.42,2.61,2.8,2.99,3.17,3.36,3.54,3.73,3.93,4.16
Candelario, Jeimer,600869,DET,116,3B,25,L,0,0.53,0.83,1.1,1.35,1.58,1.8,2.01,2.21,2.4,2.59,2.78,2.97,3.15,3.33,3.51,3.69,3.87,4.07
Candelario, Jeimer,600869,DET,116,3B,25,R,0,0.55,0.86,1.13,1.39,1.62,1.84,2.05,2.25,2.45,2.63,2.82,3,3.19,3.37,3.54,3.72,3.9,4.09
Canha, Mark,592192,OAK,133,CF,29,R,0,0.54,0.84,1.11,1.35,1.58,1.8,2,2.2,2.39,2.58,2.76,2.95,3.13,3.3,3.48,3.66,3.84,4.02
Cano, Robinson,429664,SEA,136,2B,36,L,0,0.53,0.83,1.11,1.36,1.6,1.83,2.04,2.25,2.46,2.66,2.86,3.05,3.25,3.44,3.63,3.83,4.03,4.23
Caratini, Victor,605170,CHC,112,C,25,L,0,0.51,0.82,1.09,1.34,1.58,1.8,2.01,2.22,2.42,2.61,2.8,2.99,3.18,3.37,3.56,3.75,3.95,4.16
Carpenter, Matt,572761,STL,138,3B,33,L,0,0.54,0.85,1.11,1.36,1.59,1.81,2.02,2.22,2.41,2.61,2.79,2.98,3.16,3.35,3.53,3.71,3.89,4.08
Castellanos, Nicholas,592206,DET,116,RF,26,R,0,0.55,0.85,1.12,1.36,1.59,1.81,2.01,2.21,2.4,2.58,2.76,2.94,3.12,3.29,3.47,3.64,3.82,3.99
Castillo, Welington,456078,CWS,145,C,31,R,0,0.54,0.87,1.15,1.42,1.67,1.9,2.13,2.35,2.56,2.77,2.98,3.18,3.39,3.59,3.8,4.01,4.22,4.44
Castro, Starlin,516770,MIA,146,2B,28,R,0,0.54,0.84,1.1,1.35,1.57,1.79,1.99,2.18,2.37,2.56,2.74,2.92,3.1,3.27,3.45,3.62,3.8,3.99
Cave, Jake,595909,MIN,142,CF,26,L,0,0.53,0.81,1.07,1.31,1.54,1.75,1.96,2.15,2.34,2.53,2.71,2.9,3.08,3.26,3.43,3.61,3.79,3.97
Cervelli, Francisco,465041,PIT,134,C,32,R,0,0.55,0.87,1.14,1.4,1.63,1.85,2.06,2.27,2.47,2.66,2.85,3.04,3.23,3.42,3.6,3.79,3.97,4.16
Chapman, Matt,656305,OAK,133,3B,25,R,0,0.54,0.83,1.09,1.33,1.56,1.77,1.97,2.16,2.35,2.53,2.71,2.89,3.06,3.24,3.41,3.58,3.75,3.93
Chirinos, Robinson,455139,TEX,140,C,34,R,0,0.54,0.85,1.13,1.39,1.63,1.85,2.07,2.28,2.48,2.68,2.87,3.07,3.26,3.45,3.64,3.83,4.03,4.24
Choi, Ji-Man,596847,TB,139,DH,27,L,0,0.56,0.87,1.14,1.4,1.63,1.86,2.07,2.27,2.47,2.66,2.85,3.04,3.23,3.41,3.6,3.79,3.99,4.19
Choo, Shin-Soo,425783,TEX,140,DH,36,L,0,0.53,0.83,1.1,1.35,1.58,1.8,2.01,2.21,2.4,2.59,2.78,2.97,3.15,3.34,3.52,3.7,3.9,4.11
Conforto, Michael,624424,NYM,121,LF,25,L,0,0.54,0.84,1.1,1.34,1.56,1.77,1.98,2.17,2.36,2.54,2.72,2.9,3.08,3.25,3.43,3.6,3.78,3.97
Contreras, Willson,575929,CHC,112,C,26,R,0,0.54,0.83,1.09,1.34,1.56,1.77,1.98,2.17,2.36,2.55,2.73,2.91,3.09,3.27,3.45,3.63,3.81,4
Cordero, Franchy,614173,SD,135,LF,24,L,0,0.53,0.81,1.07,1.3,1.51,1.72,1.91,2.1,2.28,2.45,2.63,2.8,2.97,3.13,3.3,3.46,3.63,3.82
Correa, Carlos,621043,HOU,117,SS,24,R,0,0.54,0.83,1.09,1.34,1.56,1.78,1.98,2.18,2.36,2.55,2.73,2.91,3.09,3.26,3.44,3.61,3.79,3.98
Cozart, Zack,446359,LAA,108,3B,33,R,0,0.53,0.83,1.1,1.34,1.57,1.79,2,2.2,2.39,2.58,2.77,2.96,3.14,3.33,3.51,3.69,3.88,4.08
Crawford, Brandon,543063,SF,137,SS,31,L,0,0.55,0.85,1.12,1.36,1.6,1.81,2.02,2.23,2.42,2.62,2.81,3,3.18,3.37,3.56,3.74,3.95,4.16
Cron, C.J.,543068,TB,139,DH,28,R,0,0.56,0.88,1.16,1.41,1.65,1.88,2.09,2.29,2.49,2.69,2.88,3.07,3.26,3.44,3.63,3.81,4,4.2
Cruz, Nelson,443558,SEA,136,DH,38,R,0,0.54,0.86,1.14,1.4,1.64,1.87,2.08,2.29,2.5,2.69,2.89,3.08,3.27,3.46,3.66,3.85,4.05,4.26
Cuevas, Noel,571595,COL,115,RF,27,R,0,0.54,0.85,1.11,1.36,1.58,1.8,2,2.19,2.38,2.56,2.74,2.91,3.09,3.26,3.43,3.6,3.77,3.94
Culberson, Charlie,518586,ATL,144,LF,29,R,0,0.54,0.83,1.09,1.33,1.55,1.77,1.97,2.16,2.35,2.53,2.72,2.89,3.07,3.24,3.42,3.59,3.76,3.94
Cuthbert, Cheslor,596144,KC,118,3B,26,R,0,0.54,0.84,1.11,1.35,1.58,1.81,2.02,2.22,2.41,2.61,2.79,2.98,3.17,3.35,3.53,3.71,3.89,4.08
Dahl, David,621311,COL,115,LF,24,L,0,0.52,0.8,1.05,1.28,1.5,1.7,1.9,2.08,2.27,2.44,2.62,2.79,2.96,3.13,3.3,3.47,3.65,3.83
Davidson, Matt,571602,CWS,145,DH,27,R,0,0.54,0.84,1.12,1.37,1.61,1.83,2.05,2.25,2.46,2.66,2.85,3.05,3.24,3.43,3.62,3.81,4.01,4.22
Davis, Chris,448801,BAL,110,1B,32,L,0,0.54,0.85,1.13,1.39,1.63,1.85,2.07,2.28,2.48,2.68,2.87,3.07,3.26,3.45,3.64,3.82,4.02,4.21
Davis, J.D.,605204,HOU,117,3B,25,R,0,0.55,0.85,1.12,1.37,1.61,1.83,2.04,2.24,2.44,2.63,2.82,3.01,3.19,3.38,3.56,3.74,3.93,4.13
Davis, Khris,501981,OAK,133,DH,31,R,0,0.53,0.84,1.11,1.36,1.59,1.81,2.02,2.23,2.42,2.62,2.81,3,3.18,3.37,3.55,3.74,3.93,4.13
Davis, Rajai,434658,CLE,114,CF,38,R,0,0.53,0.81,1.06,1.3,1.52,1.72,1.92,2.1,2.29,2.46,2.63,2.81,2.97,3.14,3.31,3.47,3.64,3.81
DeJong, Paul,657557,STL,138,SS,25,R,0,0.55,0.85,1.11,1.34,1.57,1.78,1.98,2.17,2.36,2.54,2.72,2.9,3.07,3.25,3.42,3.59,3.77,3.94
DeShields, Delino,592261,TEX,140,CF,26,R,0,0.53,0.8,1.05,1.28,1.49,1.69,1.88,2.07,2.24,2.41,2.58,2.75,2.91,3.07,3.23,3.39,3.56,3.73
Delmonico, Nicky,547170,CWS,145,LF,26,L,0,0.53,0.82,1.09,1.33,1.56,1.78,1.99,2.19,2.38,2.57,2.75,2.94,3.12,3.3,3.48,3.66,3.85,4.04
Descalso, Daniel,518614,ARI,109,2B,32,L,0,0.53,0.82,1.09,1.33,1.56,1.78,1.99,2.18,2.38,2.57,2.75,2.94,3.12,3.3,3.48,3.66,3.86,4.05
Desmond, Ian,435622,COL,115,1B,33,R,0,0.54,0.84,1.1,1.34,1.57,1.78,1.98,2.18,2.36,2.55,2.73,2.91,3.08,3.26,3.43,3.61,3.78,3.97
Devers, Rafael,646240,BOS,111,3B,22,L,0,0.53,0.83,1.09,1.34,1.56,1.77,1.97,2.17,2.35,2.54,2.72,2.89,3.07,3.24,3.42,3.59,3.77,3.96
Diaz, Aledmys,649557,TOR,141,SS,28,R,0,0.55,0.86,1.12,1.37,1.59,1.81,2.01,2.2,2.39,2.57,2.76,2.93,3.11,3.29,3.46,3.63,3.8,3.97
Diaz, Elias,553869,PIT,134,C,28,R,0,0.55,0.86,1.14,1.39,1.62,1.85,2.06,2.26,2.46,2.66,2.85,3.04,3.22,3.41,3.59,3.78,3.97,4.16
Dickerson, Corey,572816,PIT,134,LF,29,L,0,0.54,0.83,1.09,1.32,1.55,1.76,1.96,2.16,2.34,2.53,2.71,2.89,3.07,3.24,3.42,3.59,3.77,3.96
Dietrich, Derek,518618,MIA,146,LF,29,L,0,0.54,0.84,1.1,1.35,1.58,1.8,2.01,2.21,2.4,2.59,2.78,2.96,3.14,3.32,3.5,3.68,3.87,4.06
Difo, Wilmer,594694,WSH,120,2B,26,L,0,0.55,0.84,1.1,1.33,1.55,1.76,1.96,2.15,2.33,2.51,2.69,2.86,3.03,3.2,3.38,3.55,3.72,3.91
Dixon, Brandon,641525,CIN,113,1B,26,R,0,0.54,0.83,1.08,1.32,1.54,1.75,1.94,2.13,2.32,2.5,2.68,2.85,3.02,3.19,3.36,3.53,3.7,3.88
Donaldson, Josh,518626,CLE,114,3B,33,R,0,0.54,0.85,1.12,1.37,1.61,1.83,2.05,2.25,2.45,2.65,2.84,3.04,3.23,3.42,3.61,3.81,4,4.21
Dozier, Brian,572821,LAD,119,2B,31,R,0,0.53,0.83,1.09,1.34,1.57,1.79,1.99,2.19,2.39,2.58,2.76,2.95,3.13,3.31,3.49,3.67,3.85,4.05
Dozier, Hunter,641531,KC,118,1B,27,R,0,0.55,0.84,1.1,1.34,1.56,1.77,1.97,2.16,2.35,2.53,2.71,2.89,3.06,3.23,3.4,3.57,3.74,3.92
Duda, Lucas,446263,ATL,144,1B,32,L,0,0.53,0.84,1.12,1.39,1.63,1.86,2.08,2.29,2.5,2.71,2.91,3.11,3.31,3.5,3.7,3.9,4.1,4.31
Duffy, Matt,622110,TB,139,3B,27,R,0,0.56,0.87,1.13,1.37,1.6,1.82,2.02,2.22,2.41,2.59,2.78,2.96,3.13,3.31,3.49,3.66,3.84,4.03
Duggar, Steven,621453,SF,137,CF,25,L,0,0.51,0.78,1.02,1.25,1.47,1.67,1.87,2.05,2.23,2.41,2.58,2.76,2.93,3.09,3.26,3.42,3.59,3.77
Duvall, Adam,594807,ATL,144,LF,30,R,0,0.55,0.84,1.1,1.33,1.56,1.77,1.97,2.16,2.35,2.53,2.72,2.89,3.07,3.24,3.41,3.59,3.76,3.94
Dyson, Jarrod,502481,ARI,109,CF,34,L,0,0.51,0.77,1.01,1.23,1.44,1.64,1.83,2.01,2.19,2.36,2.53,2.7,2.87,3.04,3.21,3.37,3.55,3.74
Eaton, Adam,594809,WSH,120,RF,30,L,0,0.55,0.83,1.09,1.32,1.54,1.75,1.95,2.14,2.33,2.51,2.69,2.86,3.04,3.22,3.39,3.57,3.76,3.95
Encarnacion, Edwin,429665,CLE,114,DH,35,R,0,0.54,0.86,1.14,1.4,1.64,1.86,2.08,2.29,2.49,2.69,2.89,3.08,3.28,3.47,3.66,3.86,4.05,4.26
Engel, Adam,641553,CWS,145,CF,27,R,0,0.53,0.8,1.04,1.27,1.48,1.68,1.87,2.06,2.23,2.41,2.58,2.75,2.91,3.08,3.24,3.4,3.56,3.73
Ervin, Phillip,640447,CIN,113,LF,26,R,0,0.53,0.82,1.07,1.3,1.52,1.73,1.93,2.12,2.31,2.49,2.66,2.84,3.01,3.18,3.35,3.52,3.7,3.87
Escobar, Alcides,444876,KC,118,SS,32,R,0,0.55,0.86,1.12,1.37,1.59,1.81,2.01,2.21,2.4,2.58,2.77,2.95,3.13,3.3,3.48,3.65,3.83,4.01
Escobar, Eduardo,500871,ARI,109,3B,29,L,0,0.53,0.81,1.06,1.3,1.53,1.74,1.95,2.14,2.33,2.51,2.69,2.87,3.05,3.23,3.4,3.58,3.76,3.95
Escobar, Eduardo,500871,ARI,109,3B,29,R,0,0.54,0.84,1.1,1.35,1.57,1.78,1.99,2.18,2.37,2.55,2.73,2.91,3.09,3.26,3.43,3.61,3.78,3.97
Fernandez, Jose Miguel,628336,LAA,108,1B,30,L,0,0.54,0.83,1.11,1.37,1.61,1.84,2.05,2.26,2.46,2.66,2.86,3.06,3.25,3.44,3.64,3.84,4.05,4.26
Field, Johnny,608654,MIN,142,LF,26,R,0,0.54,0.84,1.11,1.35,1.58,1.8,2,2.2,2.39,2.58,2.76,2.95,3.13,3.3,3.48,3.65,3.83,4.01
Flaherty, Ryan,475247,ATL,144,3B,32,L,0,0.53,0.82,1.08,1.33,1.56,1.79,1.99,2.2,2.39,2.59,2.78,2.96,3.14,3.33,3.51,3.69,3.88,4.07
Fletcher, David,664058,LAA,108,2B,24,R,0,0.55,0.84,1.1,1.34,1.56,1.77,1.97,2.17,2.35,2.54,2.72,2.9,3.08,3.25,3.43,3.6,3.78,3.96
Flores, Wilmer,527038,NYM,121,1B,27,R,0,0.57,0.89,1.17,1.43,1.67,1.9,2.12,2.33,2.53,2.73,2.93,3.12,3.31,3.5,3.69,3.89,4.08,4.28
Flowers, Tyler,452095,ATL,144,C,32,R,0,0.56,0.87,1.15,1.4,1.64,1.87,2.09,2.29,2.5,2.7,2.89,3.09,3.28,3.47,3.66,3.84,4.03,4.23
Forsythe, Logan,523253,MIN,142,2B,31,R,0,0.56,0.89,1.17,1.42,1.66,1.88,2.09,2.29,2.48,2.67,2.86,3.05,3.23,3.41,3.59,3.77,3.95,4.13
Fowler, Dexter,451594,STL,138,RF,32,L,0,0.52,0.82,1.09,1.34,1.57,1.78,1.99,2.18,2.38,2.57,2.75,2.93,3.11,3.29,3.47,3.65,3.83,4.02
Fowler, Dustin,641583,OAK,133,CF,24,L,0,0.51,0.78,1.03,1.25,1.46,1.66,1.85,2.03,2.21,2.39,2.56,2.73,2.89,3.06,3.22,3.39,3.55,3.72
Franco, Maikel,596748,PHI,143,3B,26,R,0,0.55,0.87,1.16,1.41,1.65,1.88,2.09,2.3,2.5,2.7,2.89,3.09,3.27,3.46,3.65,3.84,4.04,4.25
Frazier, Adam,624428,PIT,134,2B,27,L,0,0.53,0.82,1.08,1.33,1.56,1.77,1.98,2.18,2.37,2.56,2.74,2.93,3.11,3.29,3.47,3.65,3.84,4.03
Frazier, Todd,453943,NYM,121,3B,32,R,0,0.53,0.84,1.11,1.37,1.6,1.83,2.04,2.24,2.44,2.64,2.83,3.02,3.21,3.4,3.59,3.79,3.98,4.19
Freeman, Freddie,518692,ATL,144,1B,29,L,0,0.54,0.84,1.1,1.36,1.59,1.81,2.02,2.22,2.41,2.61,2.79,2.98,3.16,3.34,3.52,3.71,3.9,4.09
Freese, David,501896,LAD,119,3B,35,R,0,0.55,0.85,1.12,1.36,1.59,1.81,2.02,2.21,2.41,2.6,2.78,2.97,3.15,3.33,3.51,3.69,3.87,4.06
Gallo, Joey,608336,TEX,140,LF,25,L,0,0.53,0.82,1.09,1.33,1.56,1.78,1.98,2.18,2.37,2.56,2.75,2.93,3.11,3.29,3.47,3.65,3.83,4.02
Galvis, Freddy,520471,SD,135,SS,29,L,0,0.55,0.85,1.11,1.35,1.58,1.8,2.01,2.2,2.4,2.59,2.77,2.96,3.14,3.32,3.5,3.68,3.87,4.06
Galvis, Freddy,520471,SD,135,SS,29,R,0,0.55,0.86,1.13,1.38,1.61,1.82,2.03,2.23,2.43,2.62,2.8,2.99,3.17,3.35,3.53,3.71,3.89,4.07
Gamel, Ben,592325,SEA,136,LF,26,L,0,0.53,0.81,1.06,1.29,1.51,1.72,1.91,2.1,2.28,2.46,2.64,2.81,2.98,3.15,3.32,3.49,3.66,3.84
Garcia, Avisail,541645,CWS,145,RF,27,R,0,0.54,0.84,1.11,1.35,1.57,1.78,1.98,2.18,2.36,2.54,2.72,2.89,3.06,3.23,3.4,3.57,3.74,3.91
Garcia, Greg,594824,STL,138,2B,29,L,0,0.53,0.82,1.08,1.32,1.55,1.76,1.96,2.15,2.34,2.53,2.71,2.89,3.07,3.24,3.42,3.59,3.77,3.96
Garcia, Leury,544725,CWS,145,LF,27,L,0,0.52,0.8,1.05,1.28,1.5,1.71,1.9,2.09,2.28,2.46,2.63,2.81,2.98,3.14,3.31,3.48,3.66,3.83
Gardner, Brett,458731,NYY,147,LF,35,L,0,0.53,0.81,1.06,1.29,1.51,1.71,1.91,2.1,2.28,2.45,2.63,2.8,2.97,3.14,3.3,3.47,3.64,3.81
Garver, Mitch,641598,MIN,142,C,27,R,0,0.54,0.84,1.12,1.37,1.6,1.83,2.04,2.24,2.44,2.63,2.82,3.01,3.19,3.38,3.56,3.74,3.93,4.12
Gattis, Evan,594828,HOU,117,DH,32,R,0,0.55,0.87,1.15,1.41,1.64,1.87,2.08,2.28,2.48,2.68,2.87,3.05,3.24,3.42,3.61,3.79,3.97,4.16
Gennett, Scooter,571697,CIN,113,2B,28,L,0,0.54,0.84,1.1,1.35,1.58,1.79,2,2.2,2.4,2.59,2.78,2.97,3.15,3.33,3.52,3.71,3.9,4.11
Gentry, Craig,502226,BAL,110,RF,35,R,0,0.53,0.82,1.07,1.31,1.53,1.74,1.94,2.13,2.31,2.49,2.67,2.84,3.01,3.18,3.35,3.52,3.69,3.86
Goldschmidt, Paul,502671,ARI,109,1B,31,R,0,0.54,0.85,1.11,1.36,1.59,1.8,2.01,2.21,2.4,2.59,2.78,2.96,3.14,3.33,3.51,3.69,3.87,4.06
Gomes, Yan,543228,CLE,114,C,31,R,0,0.55,0.86,1.14,1.39,1.63,1.85,2.06,2.26,2.46,2.65,2.84,3.02,3.21,3.39,3.57,3.76,3.94,4.14
Gomez, Carlos,460576,TB,139,RF,33,R,0,0.52,0.82,1.08,1.32,1.54,1.75,1.95,2.14,2.33,2.51,2.69,2.87,3.05,3.22,3.39,3.57,3.74,3.93
Gonzalez, Adrian,408236,NYM,121,1B,36,L,0,0.53,0.84,1.13,1.4,1.65,1.88,2.1,2.32,2.53,2.74,2.94,3.15,3.35,3.55,3.76,3.97,4.18,4.39
Gonzalez, Carlos,471865,COL,115,RF,33,L,0,0.53,0.8,1.06,1.3,1.52,1.73,1.93,2.12,2.31,2.49,2.68,2.86,3.03,3.21,3.38,3.56,3.74,3.93
Gonzalez, Erik,570481,CLE,114,2B,27,R,0,0.53,0.82,1.09,1.33,1.56,1.77,1.97,2.17,2.36,2.54,2.72,2.9,3.08,3.26,3.43,3.61,3.79,3.98
Gonzalez, Marwin,503556,HOU,117,LF,29,L,0,0.52,0.81,1.07,1.32,1.55,1.76,1.97,2.17,2.36,2.55,2.74,2.92,3.11,3.29,3.47,3.66,3.86,4.07
Gonzalez, Marwin,503556,HOU,117,LF,29,R,0,0.55,0.85,1.12,1.37,1.6,1.82,2.03,2.23,2.43,2.62,2.81,2.99,3.18,3.36,3.54,3.72,3.91,4.1
Goodrum, Niko,592348,DET,116,2B,26,R,0,0.54,0.84,1.1,1.33,1.55,1.76,1.96,2.14,2.33,2.5,2.68,2.85,3.02,3.19,3.35,3.52,3.68,3.86
Goodrum, Niko,592348,DET,116,2B,26,L,0,0.52,0.81,1.06,1.3,1.52,1.73,1.92,2.11,2.29,2.47,2.64,2.82,2.99,3.16,3.33,3.5,3.67,3.86
Goodwin, Brian,571718,KC,118,CF,28,L,0,0.51,0.79,1.05,1.28,1.5,1.71,1.91,2.1,2.28,2.47,2.65,2.82,3,3.17,3.35,3.52,3.7,3.89
Gordon, Alex,460086,KC,118,LF,34,L,0,0.54,0.84,1.11,1.37,1.61,1.83,2.04,2.25,2.45,2.65,2.84,3.04,3.23,3.42,3.61,3.81,4.02,4.24
Gordon, Dee,543829,SEA,136,2B,30,L,0,0.53,0.8,1.05,1.27,1.49,1.69,1.89,2.07,2.25,2.43,2.6,2.78,2.95,3.11,3.28,3.45,3.62,3.79
Grandal, Yasmani,518735,LAD,119,C,30,L,0,0.53,0.84,1.12,1.38,1.63,1.86,2.08,2.3,2.51,2.71,2.92,3.12,3.32,3.52,3.73,3.94,4.17,4.42
Granderson, Curtis,434158,MIL,158,RF,37,L,0,0.53,0.81,1.07,1.31,1.54,1.75,1.95,2.14,2.33,2.51,2.7,2.88,3.06,3.24,3.42,3.6,3.79,3.98
Gregorius, Didi,544369,NYY,147,SS,28,L,0,0.52,0.81,1.07,1.32,1.54,1.76,1.96,2.16,2.34,2.53,2.71,2.89,3.07,3.24,3.41,3.58,3.76,3.94
Grichuk, Randal,545341,TOR,141,RF,27,R,0,0.53,0.81,1.07,1.31,1.53,1.74,1.94,2.13,2.31,2.5,2.67,2.85,3.03,3.2,3.37,3.54,3.72,3.9
Grossman, Robbie,543257,MIN,142,RF,29,L,0,0.52,0.81,1.06,1.31,1.53,1.75,1.95,2.14,2.33,2.52,2.7,2.88,3.05,3.23,3.4,3.58,3.76,3.93
Grossman, Robbie,543257,MIN,142,RF,29,R,0,0.52,0.81,1.07,1.31,1.54,1.75,1.96,2.15,2.34,2.52,2.71,2.89,3.06,3.24,3.41,3.59,3.76,3.94
Gurriel Jr., Lourdes,666971,TOR,141,SS,25,R,0,0.56,0.87,1.14,1.38,1.61,1.82,2.02,2.22,2.41,2.59,2.77,2.95,3.13,3.31,3.48,3.66,3.83,4.01
Gurriel, Yuli,493329,HOU,117,1B,34,R,0,0.54,0.84,1.11,1.35,1.58,1.8,2,2.2,2.39,2.57,2.76,2.94,3.12,3.29,3.47,3.64,3.82,4
Guyer, Brandon,446386,CLE,114,RF,32,R,0,0.53,0.83,1.09,1.34,1.56,1.78,1.98,2.18,2.37,2.56,2.74,2.92,3.1,3.27,3.45,3.62,3.79,3.98
Guzman, Ronald,608597,TEX,140,1B,24,L,0,0.54,0.85,1.12,1.37,1.61,1.83,2.04,2.24,2.44,2.63,2.82,3.01,3.2,3.39,3.57,3.76,3.95,4.15
Gyorko, Jedd,576397,STL,138,3B,30,R,0,0.55,0.85,1.12,1.38,1.61,1.84,2.05,2.26,2.46,2.66,2.85,3.05,3.24,3.43,3.63,3.82,4.02,4.22
Hamilton, Billy,571740,CIN,113,CF,28,L,0,0.52,0.79,1.03,1.26,1.47,1.67,1.86,2.05,2.22,2.4,2.57,2.74,2.9,3.06,3.23,3.39,3.55,3.74
Hamilton, Billy,571740,CIN,113,CF,28,R,0,0.53,0.8,1.05,1.28,1.49,1.7,1.89,2.07,2.25,2.42,2.6,2.76,2.93,3.09,3.26,3.42,3.58,3.76
Haniger, Mitch,571745,SEA,136,RF,28,R,0,0.54,0.84,1.1,1.34,1.57,1.78,1.99,2.18,2.37,2.56,2.74,2.92,3.1,3.28,3.45,3.62,3.8,3.98
Hanson, Alen,593700,SF,137,2B,26,L,0,0.52,0.79,1.04,1.28,1.5,1.7,1.9,2.09,2.27,2.45,2.63,2.8,2.97,3.15,3.32,3.49,3.67,3.86
Happ, Ian,664023,CHC,112,CF,24,L,0,0.55,0.84,1.1,1.34,1.57,1.78,1.98,2.17,2.36,2.55,2.73,2.91,3.09,3.26,3.44,3.61,3.79,3.98
Harper, Bryce,547180,WSH,120,RF,26,L,0,0.54,0.84,1.1,1.34,1.57,1.78,1.98,2.17,2.36,2.54,2.72,2.9,3.08,3.25,3.43,3.6,3.78,3.97
Harrison, Josh,543281,PIT,134,2B,31,R,0,0.54,0.83,1.09,1.33,1.56,1.77,1.97,2.17,2.36,2.54,2.73,2.91,3.09,3.27,3.44,3.62,3.81,4
Healy, Ryon,592387,SEA,136,1B,26,R,0,0.54,0.85,1.13,1.39,1.64,1.86,2.08,2.29,2.49,2.69,2.88,3.07,3.26,3.45,3.63,3.82,4.01,4.21
Hechavarria, Adeiny,588751,NYY,147,SS,29,R,0,0.54,0.83,1.09,1.33,1.55,1.76,1.96,2.16,2.35,2.53,2.71,2.89,3.07,3.25,3.42,3.6,3.79,3.98
Hedges, Austin,595978,SD,135,C,26,R,0,0.54,0.84,1.12,1.38,1.61,1.84,2.05,2.26,2.46,2.66,2.85,3.04,3.23,3.42,3.6,3.79,3.98,4.17
Heredia, Guillermo,628338,SEA,136,CF,27,R,0,0.56,0.86,1.12,1.36,1.58,1.79,1.99,2.19,2.37,2.56,2.74,2.91,3.09,3.26,3.44,3.61,3.78,3.96
Hernandez, Cesar,514917,PHI,143,2B,28,L,0,0.52,0.81,1.05,1.28,1.5,1.7,1.89,2.08,2.25,2.43,2.6,2.77,2.93,3.1,3.26,3.42,3.59,3.76
Hernandez, Cesar,514917,PHI,143,2B,28,R,0,0.53,0.83,1.08,1.32,1.54,1.74,1.94,2.12,2.3,2.48,2.65,2.82,2.99,3.15,3.31,3.48,3.64,3.81
Hernandez, Enrique,571771,LAD,119,CF,27,R,0,0.55,0.86,1.13,1.37,1.6,1.82,2.02,2.22,2.41,2.6,2.79,2.97,3.15,3.33,3.52,3.7,3.88,4.07
Hernandez, Gorkys,491676,SF,137,CF,31,R,0,0.53,0.82,1.08,1.32,1.54,1.75,1.95,2.14,2.32,2.5,2.68,2.85,3.02,3.19,3.36,3.53,3.7,3.88
Hernandez, Teoscar,606192,TOR,141,LF,26,R,0,0.56,0.86,1.12,1.36,1.58,1.79,1.99,2.18,2.36,2.54,2.72,2.89,3.06,3.23,3.4,3.57,3.74,3.91
Herrera, Odubel,546318,PHI,143,CF,27,L,0,0.54,0.83,1.09,1.33,1.56,1.77,1.97,2.16,2.35,2.54,2.72,2.89,3.07,3.24,3.42,3.6,3.78,3.97
Herrera, Rosell,594011,KC,118,RF,26,L,0,0.52,0.8,1.05,1.29,1.52,1.73,1.92,2.11,2.3,2.48,2.66,2.84,3.01,3.18,3.35,3.52,3.7,3.87
Herrera, Rosell,594011,KC,118,RF,26,R,0,0.54,0.84,1.1,1.34,1.57,1.78,1.98,2.17,2.36,2.54,2.72,2.9,3.08,3.25,3.42,3.59,3.76,3.93
Heyward, Jason,518792,CHC,112,RF,29,L,0,0.53,0.82,1.07,1.31,1.54,1.75,1.95,2.14,2.33,2.52,2.7,2.88,3.06,3.23,3.41,3.58,3.76,3.96
Hicks, Aaron,543305,NYY,147,CF,29,L,0,0.53,0.81,1.06,1.3,1.53,1.74,1.94,2.13,2.32,2.49,2.67,2.85,3.02,3.19,3.36,3.53,3.71,3.9
Hicks, Aaron,543305,NYY,147,CF,29,R,0,0.55,0.84,1.09,1.33,1.55,1.76,1.96,2.15,2.34,2.52,2.69,2.87,3.04,3.21,3.38,3.55,3.72,3.9
Hicks, John,543308,DET,116,1B,29,R,0,0.54,0.84,1.11,1.36,1.59,1.81,2.01,2.21,2.41,2.6,2.79,2.97,3.16,3.34,3.52,3.7,3.88,4.07
Holaday, Bryan,592407,MIA,146,C,31,R,0,0.55,0.86,1.14,1.4,1.65,1.88,2.09,2.31,2.51,2.72,2.92,3.12,3.31,3.51,3.71,3.9,4.1,4.3
Holt, Brock,571788,BOS,111,2B,30,L,0,0.55,0.85,1.12,1.37,1.6,1.82,2.03,2.23,2.43,2.62,2.81,3,3.18,3.36,3.55,3.73,3.93,4.13
Hoskins, Rhys,656555,PHI,143,LF,25,R,0,0.55,0.87,1.15,1.41,1.65,1.88,2.09,2.3,2.5,2.69,2.89,3.08,3.27,3.45,3.64,3.82,4.01,4.21
Hosmer, Eric,543333,SD,135,1B,29,L,0,0.55,0.87,1.15,1.4,1.63,1.86,2.07,2.27,2.47,2.66,2.85,3.04,3.23,3.41,3.6,3.78,3.98,4.19
Hundley, Nick,460026,SF,137,C,35,R,0,0.54,0.85,1.12,1.38,1.62,1.84,2.06,2.26,2.46,2.66,2.86,3.05,3.24,3.43,3.62,3.81,4.01,4.21
Iannetta, Chris,455104,COL,115,C,35,R,0,0.57,0.9,1.19,1.46,1.71,1.94,2.16,2.38,2.59,2.79,2.99,3.19,3.38,3.58,3.77,3.96,4.16,4.35
Iglesias, Jose,578428,DET,116,SS,28,R,0,0.55,0.84,1.1,1.34,1.56,1.77,1.97,2.16,2.35,2.53,2.7,2.88,3.05,3.23,3.39,3.57,3.74,3.92
Inciarte, Ender,542255,ATL,144,CF,28,L,0,0.55,0.84,1.09,1.33,1.55,1.76,1.96,2.15,2.34,2.52,2.7,2.87,3.05,3.22,3.39,3.57,3.75,3.93
Jackson, Austin,457706,NYM,121,CF,31,R,0,0.54,0.83,1.1,1.34,1.57,1.78,1.98,2.17,2.36,2.55,2.73,2.91,3.09,3.26,3.44,3.62,3.8,3.99
Jankowski, Travis,608671,SD,135,RF,27,L,0,0.52,0.79,1.03,1.25,1.46,1.66,1.85,2.03,2.21,2.38,2.56,2.72,2.89,3.06,3.23,3.39,3.57,3.75
Jay, Jon,445055,ARI,109,RF,33,L,0,0.54,0.84,1.11,1.36,1.6,1.82,2.03,2.23,2.43,2.62,2.82,3.01,3.2,3.38,3.57,3.76,3.96,4.16
Jones, Adam,430945,BAL,110,CF,33,R,0,0.54,0.85,1.12,1.38,1.61,1.83,2.04,2.24,2.44,2.63,2.82,3.01,3.19,3.37,3.55,3.74,3.92,4.11
Jones, JaCoby,592444,DET,116,CF,26,R,0,0.55,0.85,1.12,1.36,1.58,1.79,1.99,2.18,2.37,2.55,2.72,2.9,3.07,3.24,3.41,3.57,3.74,3.91
Joseph, Caleb,543376,BAL,110,C,32,R,0,0.55,0.86,1.14,1.4,1.63,1.86,2.08,2.28,2.48,2.68,2.87,3.06,3.25,3.44,3.62,3.8,3.99,4.18
Joyce, Matt,459964,OAK,133,LF,34,L,0,0.53,0.82,1.09,1.34,1.57,1.8,2.01,2.21,2.41,2.6,2.79,2.98,3.17,3.35,3.54,3.72,3.92,4.11
Judge, Aaron,592450,NYY,147,RF,26,R,0,0.53,0.82,1.07,1.31,1.54,1.75,1.95,2.14,2.33,2.51,2.69,2.87,3.05,3.22,3.4,3.57,3.74,3.92
Kemp, Matt,461314,LAD,119,LF,34,R,0,0.55,0.86,1.14,1.39,1.62,1.84,2.05,2.25,2.45,2.64,2.83,3.02,3.2,3.39,3.57,3.76,3.95,4.14
Kemp, Tony,643393,HOU,117,LF,27,L,0,0.53,0.81,1.06,1.3,1.52,1.73,1.93,2.12,2.31,2.49,2.67,2.85,3.03,3.2,3.38,3.55,3.74,3.93
Kendrick, Howie,435062,WSH,120,2B,35,R,0,0.54,0.84,1.11,1.36,1.6,1.82,2.03,2.23,2.43,2.62,2.81,3,3.19,3.38,3.56,3.75,3.95,4.15
Kepler, Max,596146,MIN,142,RF,25,L,0,0.53,0.81,1.06,1.3,1.52,1.73,1.92,2.11,2.3,2.48,2.66,2.83,3.01,3.18,3.35,3.53,3.71,3.9
Kieboom, Spencer,571851,WSH,120,C,27,R,0,0.56,0.88,1.16,1.43,1.67,1.9,2.12,2.34,2.55,2.75,2.96,3.16,3.35,3.55,3.75,3.95,4.15,4.36
Kiermaier, Kevin,595281,TB,139,CF,28,L,0,0.56,0.84,1.09,1.32,1.54,1.75,1.94,2.13,2.31,2.49,2.66,2.83,3,3.17,3.34,3.51,3.69,3.87
Kiner-Falefa, Isiah,643396,TEX,140,3B,23,R,0,0.54,0.83,1.09,1.33,1.56,1.77,1.97,2.17,2.35,2.54,2.72,2.9,3.08,3.25,3.43,3.6,3.78,3.96
Kingery, Scott,664068,PHI,143,SS,24,R,0,0.54,0.82,1.06,1.29,1.51,1.71,1.91,2.1,2.28,2.46,2.63,2.8,2.97,3.14,3.31,3.47,3.64,3.81
Kinsler, Ian,435079,BOS,111,2B,36,R,0,0.54,0.85,1.12,1.37,1.61,1.83,2.04,2.24,2.43,2.63,2.82,3,3.19,3.37,3.55,3.74,3.93,4.12
Kipnis, Jason,543401,CLE,114,2B,31,L,0,0.53,0.83,1.11,1.36,1.59,1.81,2.02,2.21,2.41,2.6,2.79,2.97,3.16,3.34,3.52,3.7,3.88,4.08
Kratz, Erik,456124,MIL,158,C,38,R,0,0.55,0.88,1.17,1.43,1.68,1.91,2.13,2.35,2.56,2.76,2.97,3.17,3.37,3.57,3.77,3.97,4.18,4.39
La Stella, Tommy,600303,CHC,112,3B,29,L,0,0.52,0.8,1.06,1.3,1.53,1.75,1.95,2.15,2.35,2.54,2.73,2.91,3.1,3.28,3.46,3.64,3.84,4.04
LaMarre, Ryan,534606,CWS,145,CF,30,R,0,0.54,0.82,1.08,1.31,1.53,1.74,1.94,2.13,2.31,2.49,2.67,2.84,3.01,3.18,3.35,3.51,3.68,3.86
Lamb, Jake,571875,ARI,109,3B,28,L,0,0.55,0.85,1.13,1.38,1.61,1.83,2.05,2.25,2.45,2.64,2.83,3.02,3.2,3.39,3.57,3.75,3.94,4.14
Laureano, Ramon,657656,OAK,133,CF,24,R,0,0.54,0.82,1.07,1.3,1.52,1.73,1.92,2.11,2.29,2.47,2.65,2.82,3,3.17,3.34,3.51,3.68,3.85
LeMahieu, DJ,518934,COL,115,2B,30,R,0,0.54,0.84,1.11,1.35,1.58,1.8,2,2.2,2.39,2.58,2.76,2.94,3.12,3.3,3.48,3.65,3.83,4.02
Leon, Sandy,506702,BOS,111,C,29,L,0,0.57,0.9,1.19,1.45,1.7,1.94,2.16,2.38,2.59,2.79,3,3.21,3.41,3.61,3.81,4.02,4.24,4.46
Lindor, Francisco,596019,CLE,114,SS,25,L,0,0.54,0.82,1.08,1.31,1.53,1.74,1.94,2.13,2.31,2.5,2.67,2.85,3.02,3.19,3.36,3.53,3.71,3.89
Lindor, Francisco,596019,CLE,114,SS,25,R,0,0.54,0.83,1.1,1.34,1.56,1.77,1.97,2.16,2.35,2.53,2.71,2.89,3.06,3.23,3.4,3.57,3.75,3.92
Longoria, Evan,446334,SF,137,3B,33,R,0,0.55,0.85,1.11,1.36,1.59,1.81,2.01,2.21,2.41,2.6,2.78,2.97,3.15,3.33,3.51,3.69,3.87,4.05
Lowrie, Jed,476704,OAK,133,2B,34,R,0,0.55,0.85,1.12,1.36,1.59,1.81,2.02,2.22,2.41,2.6,2.79,2.98,3.16,3.34,3.52,3.71,3.89,4.08
Lowrie, Jed,476704,OAK,133,2B,34,L,0,0.52,0.82,1.08,1.33,1.56,1.77,1.98,2.18,2.37,2.56,2.74,2.92,3.11,3.29,3.47,3.65,3.84,4.04
Lucroy, Jonathan,518960,OAK,133,C,32,R,0,0.56,0.88,1.16,1.42,1.67,1.9,2.11,2.33,2.53,2.73,2.93,3.13,3.32,3.51,3.71,3.9,4.1,4.3
Lugo, Dawel,608475,DET,116,2B,24,R,0,0.54,0.85,1.11,1.35,1.58,1.79,2,2.19,2.38,2.56,2.74,2.91,3.09,3.26,3.43,3.59,3.76,3.94
Luplow, Jordan,656669,PIT,134,LF,25,R,0,0.55,0.85,1.11,1.35,1.58,1.79,1.99,2.19,2.38,2.56,2.74,2.92,3.1,3.27,3.44,3.61,3.77,3.95
Machado, Dixon,553988,DET,116,2B,26,R,0,0.53,0.82,1.09,1.34,1.57,1.78,1.99,2.18,2.37,2.55,2.74,2.92,3.1,3.28,3.45,3.63,3.81,3.99
Machado, Manny,592518,LAD,119,SS,26,R,0,0.55,0.86,1.13,1.38,1.62,1.84,2.05,2.25,2.44,2.63,2.82,3.01,3.19,3.38,3.56,3.74,3.92,4.12
Mahtook, Mikie,543484,DET,116,LF,29,R,0,0.54,0.83,1.1,1.34,1.57,1.78,1.98,2.18,2.36,2.54,2.72,2.9,3.07,3.24,3.41,3.58,3.75,3.92
Maile, Luke,571912,TOR,141,C,27,R,0,0.56,0.86,1.13,1.38,1.61,1.83,2.04,2.24,2.44,2.63,2.82,3.01,3.19,3.38,3.56,3.75,3.94,4.14
Maldonado, Martin,455117,HOU,117,C,32,R,0,0.56,0.88,1.17,1.44,1.69,1.92,2.15,2.36,2.57,2.78,2.98,3.19,3.39,3.59,3.79,4,4.22,4.46
Mancini, Trey,641820,BAL,110,LF,26,R,0,0.56,0.87,1.15,1.4,1.63,1.85,2.06,2.26,2.46,2.65,2.84,3.03,3.21,3.39,3.57,3.75,3.94,4.13
Margot, Manuel,622534,SD,135,CF,24,R,0,0.54,0.83,1.08,1.31,1.53,1.73,1.93,2.11,2.29,2.47,2.64,2.82,2.99,3.15,3.32,3.49,3.66,3.83
Marisnick, Jake,545350,HOU,117,CF,27,R,0,0.53,0.81,1.06,1.3,1.52,1.73,1.93,2.12,2.3,2.48,2.66,2.83,3,3.17,3.33,3.5,3.67,3.84
Markakis, Nick,455976,ATL,144,RF,35,L,0,0.53,0.82,1.09,1.34,1.57,1.79,2,2.2,2.39,2.58,2.77,2.96,3.14,3.33,3.51,3.69,3.88,4.07
Marte, Jefry,527043,LAA,108,1B,27,R,0,0.55,0.86,1.13,1.37,1.6,1.82,2.03,2.22,2.41,2.6,2.78,2.96,3.14,3.32,3.49,3.67,3.84,4.02
Marte, Ketel,606466,ARI,109,2B,25,L,0,0.52,0.8,1.06,1.29,1.51,1.71,1.91,2.1,2.28,2.45,2.63,2.81,2.98,3.15,3.32,3.49,3.67,3.86
Marte, Ketel,606466,ARI,109,2B,25,R,0,0.53,0.82,1.08,1.32,1.54,1.75,1.94,2.13,2.32,2.5,2.67,2.85,3.03,3.2,3.37,3.54,3.71,3.89
Marte, Starling,516782,PIT,134,CF,30,R,0,0.55,0.85,1.1,1.33,1.55,1.75,1.94,2.13,2.31,2.49,2.66,2.83,3,3.16,3.33,3.49,3.66,3.83
Martin, Leonys,547982,CLE,114,CF,30,L,0,0.55,0.83,1.08,1.32,1.55,1.76,1.96,2.15,2.34,2.52,2.7,2.87,3.05,3.22,3.39,3.57,3.75,3.95
Martin, Russell,431145,TOR,141,C,35,R,0,0.56,0.88,1.17,1.43,1.67,1.9,2.11,2.32,2.53,2.73,2.92,3.12,3.31,3.5,3.69,3.87,4.06,4.26
Martinez, J.D.,502110,BOS,111,DH,31,R,0,0.54,0.85,1.12,1.37,1.6,1.81,2.02,2.21,2.41,2.59,2.78,2.96,3.15,3.33,3.5,3.68,3.86,4.04
Martinez, Jose,500874,STL,138,1B,30,R,0,0.54,0.86,1.13,1.38,1.61,1.83,2.04,2.24,2.44,2.63,2.82,3.01,3.19,3.37,3.56,3.74,3.92,4.1
Martinez, Victor,400121,DET,116,DH,40,L,0,0.55,0.87,1.16,1.42,1.67,1.9,2.13,2.34,2.55,2.75,2.96,3.16,3.36,3.56,3.76,3.97,4.18,4.4
Martini, Nick,605361,OAK,133,LF,28,L,0,0.53,0.82,1.07,1.31,1.54,1.75,1.95,2.15,2.34,2.52,2.71,2.89,3.07,3.25,3.43,3.61,3.8,4
Mathis, Jeff,425772,ARI,109,C,35,R,0,0.53,0.84,1.13,1.39,1.63,1.85,2.07,2.28,2.48,2.69,2.88,3.08,3.27,3.47,3.66,3.85,4.05,4.25
Mauer, Joe,408045,MIN,142,1B,35,L,0,0.53,0.84,1.12,1.37,1.61,1.84,2.05,2.26,2.46,2.66,2.85,3.05,3.24,3.43,3.62,3.81,4,4.21
Maybin, Cameron,457727,SEA,136,LF,31,R,0,0.54,0.82,1.08,1.31,1.53,1.74,1.94,2.13,2.31,2.49,2.67,2.84,3.01,3.18,3.35,3.52,3.69,3.87
Mazara, Nomar,608577,TEX,140,RF,23,L,0,0.54,0.85,1.11,1.36,1.59,1.81,2.02,2.22,2.41,2.6,2.79,2.97,3.15,3.34,3.51,3.7,3.89,4.08
McCann, James,543510,DET,116,C,28,R,0,0.55,0.87,1.15,1.41,1.65,1.87,2.09,2.29,2.49,2.68,2.88,3.07,3.26,3.44,3.63,3.82,4.01,4.21
McCutchen, Andrew,457705,NYY,147,RF,32,R,0,0.54,0.82,1.08,1.32,1.55,1.76,1.96,2.15,2.34,2.52,2.69,2.87,3.04,3.21,3.38,3.55,3.72,3.89
McMahon, Ryan,641857,COL,115,1B,24,L,0,0.53,0.82,1.09,1.34,1.57,1.79,2,2.21,2.41,2.6,2.79,2.98,3.17,3.35,3.54,3.73,3.94,4.15
McNeil, Jeff,643446,NYM,121,2B,26,L,0,0.56,0.87,1.13,1.37,1.6,1.81,2.01,2.21,2.39,2.58,2.76,2.94,3.12,3.29,3.47,3.65,3.84,4.03
Meadows, Austin,640457,TB,139,CF,23,L,0,0.52,0.8,1.05,1.28,1.5,1.7,1.9,2.09,2.27,2.45,2.63,2.8,2.97,3.15,3.31,3.48,3.65,3.83
Mercer, Jordy,474568,PIT,134,SS,32,R,0,0.54,0.84,1.11,1.36,1.59,1.8,2.01,2.21,2.4,2.59,2.78,2.96,3.14,3.32,3.49,3.67,3.84,4.02
Merrifield, Whit,593160,KC,118,2B,29,R,0,0.55,0.86,1.12,1.36,1.58,1.79,1.99,2.18,2.36,2.54,2.72,2.89,3.07,3.23,3.4,3.57,3.73,3.9
Mesoraco, Devin,519023,NYM,121,C,30,R,0,0.55,0.86,1.14,1.39,1.63,1.85,2.07,2.27,2.47,2.67,2.86,3.05,3.23,3.42,3.6,3.79,3.98,4.18
Miller, Brad,543543,MIL,158,1B,29,L,0,0.54,0.83,1.09,1.34,1.56,1.78,1.98,2.18,2.37,2.55,2.74,2.92,3.1,3.27,3.45,3.63,3.81,4
Molina, Yadier,425877,STL,138,C,36,R,0,0.56,0.89,1.19,1.47,1.73,1.97,2.2,2.42,2.64,2.85,3.06,3.27,3.47,3.68,3.89,4.09,4.31,4.54
Moncada, Yoan,660162,CWS,145,2B,23,L,0,0.53,0.81,1.06,1.3,1.51,1.72,1.91,2.1,2.28,2.45,2.63,2.8,2.97,3.13,3.3,3.47,3.64,3.81
Moncada, Yoan,660162,CWS,145,2B,23,R,0,0.54,0.82,1.08,1.31,1.53,1.73,1.93,2.12,2.3,2.48,2.66,2.83,3,3.17,3.34,3.51,3.67,3.85
Morales, Kendrys,434778,TOR,141,DH,35,L,0,0.54,0.86,1.14,1.4,1.65,1.88,2.1,2.32,2.53,2.74,2.94,3.14,3.35,3.55,3.75,3.96,4.18,4.41
Moran, Colin,592567,PIT,134,3B,26,L,0,0.55,0.86,1.13,1.39,1.62,1.85,2.06,2.27,2.48,2.68,2.87,3.07,3.26,3.46,3.65,3.85,4.05,4.27
Moreland, Mitch,519048,BOS,111,1B,33,L,0,0.55,0.87,1.14,1.4,1.64,1.87,2.08,2.29,2.49,2.69,2.88,3.07,3.26,3.45,3.64,3.82,4.02,4.22
Morrison, Logan,489149,MIN,142,1B,31,L,0,0.52,0.82,1.09,1.34,1.57,1.78,1.99,2.19,2.39,2.58,2.77,2.95,3.14,3.32,3.5,3.68,3.87,4.07
Moustakas, Mike,519058,MIL,158,3B,30,L,0,0.53,0.84,1.12,1.38,1.62,1.85,2.06,2.27,2.48,2.67,2.87,3.06,3.25,3.44,3.63,3.82,4.03,4.24
Mullins, Cedric,656775,BAL,110,CF,24,L,0,0.54,0.83,1.07,1.3,1.52,1.72,1.91,2.1,2.28,2.45,2.63,2.8,2.97,3.13,3.3,3.46,3.63,3.81
Muncy, Max,571970,LAD,119,1B,28,L,0,0.51,0.79,1.05,1.29,1.51,1.73,1.93,2.12,2.31,2.5,2.68,2.86,3.04,3.22,3.39,3.57,3.75,3.93
Munoz, Yairo,622168,STL,138,SS,23,R,0,0.55,0.84,1.1,1.34,1.57,1.78,1.98,2.18,2.37,2.55,2.73,2.91,3.09,3.26,3.44,3.61,3.79,3.98
Murphy, Daniel,502517,CHC,112,2B,33,L,0,0.56,0.9,1.19,1.44,1.68,1.91,2.12,2.33,2.53,2.72,2.92,3.11,3.3,3.49,3.69,3.89,4.09,4.31
Murphy, John Ryan,571974,ARI,109,C,27,R,0,0.54,0.85,1.12,1.36,1.6,1.82,2.03,2.23,2.43,2.62,2.81,2.99,3.17,3.35,3.53,3.71,3.89,4.08
Myers, Wil,571976,SD,135,3B,28,R,0,0.54,0.83,1.08,1.32,1.55,1.76,1.96,2.15,2.34,2.52,2.71,2.88,3.06,3.23,3.4,3.58,3.75,3.93
Naquin, Tyler,571980,CLE,114,RF,27,L,0,0.52,0.82,1.08,1.33,1.56,1.77,1.98,2.17,2.36,2.55,2.73,2.91,3.09,3.27,3.44,3.62,3.8,3.98
Narvaez, Omar,553882,CWS,145,C,26,L,0,0.54,0.85,1.13,1.39,1.63,1.85,2.07,2.28,2.48,2.68,2.88,3.07,3.27,3.46,3.65,3.85,4.06,4.28
Newman, Kevin,621028,PIT,134,SS,25,R,0,0.55,0.84,1.1,1.34,1.56,1.77,1.97,2.17,2.35,2.53,2.71,2.89,3.07,3.24,3.41,3.58,3.74,3.92
Nimmo, Brandon,607043,NYM,121,RF,25,L,0,0.53,0.81,1.06,1.3,1.52,1.73,1.93,2.12,2.3,2.48,2.66,2.83,3.01,3.18,3.35,3.52,3.69,3.87
Nunez, Eduardo,456488,BOS,111,2B,31,R,0,0.55,0.85,1.12,1.36,1.58,1.79,1.99,2.19,2.37,2.56,2.73,2.91,3.09,3.26,3.43,3.6,3.78,3.96
Nunez, Renato,600524,BAL,110,3B,24,R,0,0.54,0.85,1.13,1.38,1.61,1.83,2.03,2.23,2.43,2.61,2.8,2.98,3.16,3.34,3.51,3.69,3.87,4.05
Odor, Rougned,596059,TEX,140,2B,24,L,0,0.53,0.81,1.06,1.3,1.52,1.72,1.92,2.11,2.29,2.47,2.65,2.83,3,3.17,3.34,3.5,3.68,3.85
Ohtani, Shohei,660271,LAA,108,DH,24,L,0,0.55,0.84,1.09,1.33,1.55,1.76,1.96,2.15,2.33,2.51,2.69,2.87,3.04,3.21,3.38,3.55,3.73,3.91
Olson, Matt,621566,OAK,133,1B,24,L,0,0.55,0.86,1.13,1.38,1.62,1.85,2.06,2.27,2.47,2.67,2.86,3.05,3.24,3.43,3.62,3.8,4,4.21
Orlando, Paulo,449181,KC,118,CF,33,R,0,0.53,0.83,1.1,1.34,1.56,1.77,1.97,2.17,2.35,2.53,2.71,2.89,3.06,3.23,3.4,3.56,3.73,3.9
Osuna, Jose,591741,PIT,134,1B,26,R,0,0.56,0.86,1.14,1.39,1.61,1.83,2.03,2.23,2.42,2.61,2.8,2.98,3.16,3.34,3.51,3.68,3.87,4.05
Owings, Chris,572008,ARI,109,RF,27,R,0,0.54,0.84,1.1,1.34,1.56,1.77,1.97,2.17,2.36,2.54,2.72,2.9,3.08,3.25,3.43,3.6,3.78,3.96
Ozuna, Marcell,542303,STL,138,LF,28,R,0,0.54,0.86,1.13,1.39,1.62,1.84,2.05,2.25,2.44,2.63,2.82,3,3.17,3.35,3.52,3.7,3.87,4.05
Palka, Daniel,594953,CWS,145,DH,27,L,0,0.52,0.81,1.08,1.33,1.56,1.78,1.98,2.18,2.38,2.57,2.76,2.94,3.13,3.31,3.49,3.67,3.86,4.05
Panik, Joe,605412,SF,137,2B,28,L,0,0.53,0.83,1.09,1.34,1.57,1.79,2,2.2,2.4,2.59,2.78,2.97,3.15,3.34,3.52,3.71,3.92,4.13
Parra, Gerardo,467827,COL,115,LF,31,L,0,0.55,0.87,1.14,1.38,1.62,1.83,2.04,2.24,2.43,2.62,2.81,2.99,3.18,3.36,3.54,3.73,3.92,4.13
Pearce, Steve,456665,BOS,111,1B,35,R,0,0.55,0.87,1.14,1.4,1.63,1.85,2.06,2.27,2.47,2.66,2.85,3.04,3.23,3.42,3.61,3.79,3.98,4.17
Pederson, Joc,592626,LAD,119,LF,26,L,0,0.53,0.83,1.1,1.34,1.57,1.78,1.99,2.19,2.38,2.57,2.75,2.94,3.12,3.3,3.48,3.67,3.86,4.06
Pena, Francisco,506747,STL,138,C,29,R,0,0.55,0.89,1.2,1.47,1.72,1.95,2.18,2.39,2.61,2.82,3.02,3.23,3.43,3.63,3.84,4.05,4.26,4.49
Pence, Hunter,452254,SF,137,LF,35,R,0,0.53,0.82,1.08,1.33,1.55,1.77,1.97,2.16,2.34,2.53,2.71,2.89,3.06,3.24,3.41,3.58,3.76,3.94
Peralta, David,444482,ARI,109,LF,31,L,0,0.53,0.83,1.09,1.34,1.57,1.79,2,2.19,2.38,2.57,2.75,2.94,3.11,3.29,3.47,3.65,3.84,4.04
Peraza, Jose,606299,CIN,113,SS,24,R,0,0.54,0.82,1.08,1.31,1.54,1.74,1.94,2.13,2.31,2.49,2.67,2.84,3.01,3.18,3.35,3.52,3.7,3.87
Perez, Hernan,541650,MIL,158,2B,27,R,0,0.54,0.84,1.11,1.35,1.58,1.79,1.99,2.19,2.37,2.56,2.74,2.92,3.09,3.26,3.44,3.61,3.79,3.98
Perez, Roberto,547379,CLE,114,C,30,R,0,0.53,0.84,1.12,1.38,1.62,1.85,2.07,2.28,2.49,2.69,2.9,3.1,3.3,3.5,3.7,3.91,4.13,4.37
Perez, Salvador,521692,KC,118,C,28,R,0,0.56,0.87,1.16,1.43,1.67,1.9,2.13,2.34,2.54,2.75,2.95,3.14,3.34,3.53,3.72,3.91,4.11,4.32
Peterson, Jace,607054,BAL,110,3B,28,L,0,0.53,0.82,1.07,1.31,1.53,1.74,1.94,2.13,2.31,2.49,2.67,2.84,3.01,3.19,3.36,3.53,3.7,3.88
Pham, Tommy,502054,TB,139,CF,30,R,0,0.54,0.84,1.11,1.35,1.58,1.79,1.99,2.18,2.37,2.55,2.73,2.91,3.08,3.25,3.42,3.59,3.76,3.93
Pillar, Kevin,607680,TOR,141,CF,29,R,0,0.55,0.87,1.14,1.39,1.62,1.83,2.04,2.23,2.42,2.6,2.78,2.96,3.14,3.31,3.48,3.65,3.82,4
Pina, Manny,444489,MIL,158,C,31,R,0,0.56,0.88,1.17,1.43,1.68,1.91,2.13,2.34,2.54,2.75,2.95,3.15,3.34,3.53,3.73,3.93,4.13,4.34
Pinder, Chad,640461,OAK,133,LF,26,R,0,0.54,0.84,1.11,1.36,1.59,1.81,2.02,2.22,2.41,2.6,2.79,2.97,3.16,3.34,3.52,3.7,3.88,4.06
Pirela, Jose,517369,SD,135,2B,29,R,0,0.53,0.83,1.1,1.34,1.57,1.78,1.98,2.17,2.36,2.54,2.72,2.89,3.06,3.24,3.41,3.58,3.75,3.93
Piscotty, Stephen,572039,OAK,133,RF,27,R,0,0.54,0.83,1.09,1.33,1.56,1.78,1.98,2.18,2.38,2.57,2.76,2.94,3.12,3.3,3.48,3.66,3.85,4.03
Plawecki, Kevin,608700,NYM,121,C,27,R,0,0.55,0.86,1.14,1.39,1.63,1.85,2.07,2.28,2.48,2.67,2.87,3.06,3.25,3.44,3.63,3.82,4.01,4.21
Polanco, Gregory,570256,PIT,134,RF,27,L,0,0.54,0.82,1.07,1.31,1.53,1.73,1.93,2.12,2.3,2.48,2.66,2.83,3,3.17,3.34,3.5,3.67,3.84
Polanco, Jorge,593871,MIN,142,SS,25,L,0,0.56,0.87,1.13,1.37,1.59,1.79,1.99,2.18,2.37,2.54,2.72,2.89,3.06,3.23,3.4,3.57,3.74,3.92
Pollock, A.J.,572041,ARI,109,CF,31,R,0,0.53,0.82,1.08,1.32,1.54,1.75,1.95,2.15,2.33,2.51,2.7,2.87,3.05,3.22,3.4,3.57,3.74,3.93
Posey, Buster,457763,SF,137,C,31,R,0,0.56,0.87,1.16,1.42,1.66,1.9,2.12,2.33,2.54,2.74,2.94,3.14,3.33,3.53,3.72,3.92,4.12,4.33
Prado, Martin,445988,MIA,146,3B,35,R,0,0.54,0.85,1.12,1.38,1.61,1.84,2.05,2.25,2.45,2.65,2.84,3.03,3.22,3.41,3.6,3.79,3.98,4.18
Profar, Jurickson,595777,TEX,140,SS,25,R,0,0.55,0.85,1.11,1.36,1.58,1.8,2,2.2,2.38,2.57,2.75,2.93,3.1,3.28,3.45,3.62,3.79,3.96
Profar, Jurickson,595777,TEX,140,SS,25,L,0,0.54,0.84,1.11,1.35,1.58,1.8,2,2.2,2.39,2.58,2.76,2.94,3.12,3.3,3.48,3.66,3.84,4.03
Puig, Yasiel,624577,LAD,119,RF,28,R,0,0.54,0.83,1.09,1.34,1.56,1.77,1.97,2.16,2.35,2.53,2.71,2.89,3.07,3.24,3.41,3.59,3.77,3.95
Pujols, Albert,405395,LAA,108,1B,38,R,0,0.56,0.89,1.18,1.45,1.7,1.94,2.17,2.39,2.61,2.83,3.04,3.25,3.46,3.67,3.88,4.1,4.32,4.56
Ramirez, Hanley,434670,BOS,111,1B,35,R,0,0.54,0.86,1.13,1.38,1.62,1.84,2.05,2.25,2.45,2.64,2.83,3.02,3.2,3.39,3.57,3.76,3.96,4.17
Ramirez, Jose,608070,CLE,114,3B,26,L,0,0.53,0.83,1.08,1.32,1.54,1.75,1.94,2.13,2.32,2.5,2.68,2.86,3.03,3.21,3.38,3.57,3.76,3.96
Ramos, Wilson,467092,PHI,143,C,31,R,0,0.55,0.88,1.16,1.43,1.67,1.91,2.13,2.35,2.55,2.76,2.96,3.16,3.35,3.55,3.75,3.95,4.15,4.36
Realmuto, J.T.,592663,MIA,146,C,27,R,0,0.53,0.82,1.07,1.31,1.53,1.74,1.94,2.13,2.32,2.5,2.67,2.85,3.02,3.19,3.36,3.53,3.7,3.87
Reddick, Josh,502210,HOU,117,RF,31,L,0,0.54,0.85,1.11,1.36,1.59,1.81,2.01,2.21,2.4,2.59,2.77,2.95,3.13,3.3,3.48,3.66,3.84,4.03
Rendon, Anthony,543685,WSH,120,3B,28,R,0,0.55,0.86,1.13,1.38,1.6,1.82,2.02,2.22,2.41,2.6,2.78,2.96,3.14,3.32,3.49,3.66,3.84,4.02
Renfroe, Hunter,592669,SD,135,LF,26,R,0,0.55,0.85,1.12,1.37,1.6,1.81,2.02,2.22,2.41,2.59,2.78,2.96,3.14,3.32,3.5,3.68,3.86,4.05
Reyes, Franmil,614177,SD,135,RF,23,R,0,0.55,0.87,1.16,1.41,1.65,1.87,2.08,2.28,2.48,2.67,2.86,3.04,3.23,3.41,3.59,3.77,3.95,4.14
Reyes, Jose,408314,NYM,121,3B,35,L,0,0.54,0.83,1.09,1.33,1.55,1.76,1.96,2.16,2.34,2.53,2.71,2.89,3.07,3.25,3.42,3.6,3.79,3.98
Reyes, Victor,622682,DET,116,LF,24,L,0,0.53,0.81,1.07,1.31,1.53,1.73,1.93,2.12,2.3,2.47,2.65,2.82,2.99,3.15,3.32,3.48,3.65,3.83
Rickard, Joey,572073,BAL,110,RF,27,R,0,0.54,0.84,1.1,1.34,1.56,1.77,1.97,2.16,2.35,2.54,2.71,2.89,3.07,3.24,3.42,3.59,3.76,3.94
Riddle, JT,595375,MIA,146,SS,27,L,0,0.53,0.81,1.07,1.31,1.53,1.74,1.95,2.14,2.33,2.51,2.69,2.87,3.04,3.22,3.4,3.57,3.76,3.96
Rivera, Yadiel,592680,MIA,146,3B,26,R,0,0.55,0.85,1.11,1.35,1.57,1.78,1.98,2.17,2.35,2.53,2.71,2.89,3.06,3.23,3.39,3.56,3.73,3.9
Rizzo, Anthony,519203,CHC,112,1B,29,L,0,0.54,0.85,1.13,1.39,1.63,1.85,2.07,2.27,2.48,2.68,2.87,3.06,3.25,3.44,3.62,3.81,4.01,4.21
Robertson, Daniel,621002,TB,139,2B,24,R,0,0.52,0.82,1.09,1.34,1.57,1.78,1.99,2.18,2.38,2.56,2.75,2.93,3.11,3.29,3.46,3.64,3.81,4
Rodriguez, Ronny,500135,DET,116,SS,26,R,0,0.54,0.84,1.1,1.35,1.57,1.78,1.99,2.18,2.37,2.55,2.73,2.91,3.09,3.26,3.44,3.61,3.78,3.96
Rojas, Miguel,500743,MIA,146,SS,29,R,0,0.54,0.85,1.12,1.37,1.61,1.83,2.04,2.24,2.44,2.63,2.82,3.01,3.2,3.38,3.57,3.75,3.94,4.14
Romine, Austin,519222,NYY,147,C,30,R,0,0.56,0.86,1.14,1.39,1.63,1.85,2.07,2.27,2.47,2.66,2.85,3.04,3.23,3.41,3.59,3.77,3.96,4.15
Rondon, Jose,602922,CWS,145,3B,24,R,0,0.54,0.84,1.1,1.34,1.57,1.78,1.98,2.18,2.37,2.55,2.74,2.92,3.09,3.27,3.45,3.63,3.8,3.98
Rosario, Amed,642708,NYM,121,SS,23,R,0,0.54,0.84,1.1,1.33,1.55,1.76,1.96,2.15,2.33,2.51,2.69,2.86,3.03,3.2,3.36,3.53,3.7,3.87
Rosario, Eddie,592696,MIN,142,LF,27,L,0,0.53,0.82,1.08,1.31,1.54,1.75,1.94,2.13,2.32,2.5,2.67,2.85,3.02,3.19,3.37,3.54,3.72,3.92
Rua, Ryan,607387,TEX,140,LF,28,R,0,0.52,0.82,1.08,1.32,1.54,1.75,1.95,2.14,2.33,2.51,2.69,2.87,3.04,3.21,3.38,3.55,3.72,3.9
Russell, Addison,608365,CHC,112,SS,24,R,0,0.54,0.83,1.08,1.32,1.54,1.75,1.95,2.14,2.33,2.51,2.69,2.87,3.05,3.22,3.39,3.57,3.74,3.92
Sanchez, Gary,596142,NYY,147,C,26,R,0,0.55,0.88,1.15,1.41,1.65,1.87,2.08,2.29,2.49,2.68,2.87,3.06,3.25,3.44,3.62,3.8,3.99,4.17
Sanchez, Yolmer,570560,CWS,145,3B,26,L,0,0.53,0.81,1.07,1.32,1.54,1.76,1.96,2.16,2.35,2.53,2.71,2.89,3.07,3.24,3.42,3.59,3.78,3.96
Sanchez, Yolmer,570560,CWS,145,3B,26,R,0,0.54,0.84,1.1,1.35,1.58,1.79,1.99,2.19,2.38,2.57,2.75,2.93,3.1,3.28,3.45,3.62,3.79,3.97
Sandoval, Pablo,467055,SF,137,3B,32,L,0,0.55,0.85,1.13,1.39,1.63,1.86,2.08,2.29,2.49,2.69,2.89,3.09,3.28,3.47,3.67,3.87,4.08,4.3
Sano, Miguel,593934,MIN,142,3B,25,R,0,0.53,0.83,1.09,1.34,1.57,1.78,1.99,2.19,2.38,2.57,2.75,2.93,3.11,3.29,3.47,3.65,3.83,4.02
Santana, Carlos,467793,PHI,143,1B,32,R,0,0.55,0.86,1.14,1.39,1.62,1.84,2.05,2.26,2.46,2.65,2.84,3.03,3.21,3.4,3.58,3.76,3.95,4.14
Santana, Carlos,467793,PHI,143,1B,32,L,0,0.53,0.83,1.1,1.35,1.59,1.81,2.02,2.22,2.41,2.61,2.79,2.98,3.17,3.35,3.54,3.72,3.92,4.11
Santana, Domingo,570267,MIL,158,RF,26,R,0,0.54,0.84,1.1,1.35,1.58,1.78,1.99,2.19,2.38,2.56,2.75,2.93,3.11,3.29,3.47,3.65,3.84,4.03
Schebler, Scott,594988,CIN,113,RF,28,L,0,0.53,0.82,1.07,1.31,1.53,1.74,1.94,2.13,2.32,2.5,2.68,2.85,3.03,3.2,3.38,3.55,3.73,3.91
Schoop, Jonathan,570731,MIL,158,2B,27,R,0,0.54,0.84,1.11,1.35,1.58,1.8,2.01,2.21,2.4,2.58,2.77,2.95,3.13,3.31,3.48,3.66,3.84,4.03
Schwarber, Kyle,656941,CHC,112,LF,25,L,0,0.53,0.83,1.09,1.33,1.56,1.77,1.98,2.17,2.36,2.55,2.73,2.91,3.09,3.27,3.44,3.61,3.8,3.99
Seager, Kyle,572122,SEA,136,3B,31,L,0,0.54,0.85,1.12,1.37,1.61,1.83,2.05,2.25,2.45,2.65,2.84,3.03,3.22,3.41,3.6,3.78,3.98,4.18
Segura, Jean,516416,SEA,136,SS,28,R,0,0.55,0.84,1.09,1.33,1.56,1.76,1.96,2.15,2.34,2.52,2.7,2.87,3.04,3.22,3.39,3.56,3.73,3.92
Semien, Marcus,543760,OAK,133,SS,28,R,0,0.55,0.84,1.09,1.33,1.55,1.77,1.97,2.16,2.35,2.53,2.71,2.89,3.06,3.24,3.41,3.58,3.76,3.94
Severino, Pedro,600474,WSH,120,C,25,R,0,0.53,0.83,1.09,1.33,1.56,1.78,1.98,2.18,2.37,2.56,2.75,2.93,3.11,3.29,3.46,3.64,3.82,4
Shaw, Travis,543768,MIL,158,3B,28,L,0,0.55,0.86,1.12,1.37,1.61,1.82,2.03,2.24,2.43,2.62,2.81,3,3.18,3.36,3.55,3.73,3.92,4.11
Shuck, JB,543776,MIA,146,RF,31,L,0,0.53,0.81,1.06,1.29,1.51,1.72,1.91,2.1,2.28,2.46,2.64,2.81,2.98,3.15,3.31,3.48,3.65,3.82
Sierra, Magneuris,642423,MIA,146,CF,22,L,0,0.53,0.81,1.05,1.27,1.48,1.68,1.87,2.05,2.23,2.4,2.57,2.73,2.9,3.06,3.22,3.38,3.55,3.73
Simmons, Andrelton,592743,LAA,108,SS,29,R,0,0.54,0.84,1.11,1.35,1.58,1.79,1.99,2.19,2.38,2.56,2.74,2.92,3.1,3.28,3.45,3.63,3.82,4.01
Slater, Austin,596103,SF,137,LF,26,R,0,0.54,0.84,1.1,1.33,1.56,1.77,1.97,2.16,2.34,2.52,2.7,2.88,3.05,3.23,3.4,3.57,3.75,3.93
Smith, Dominic,642086,NYM,121,1B,23,L,0,0.55,0.86,1.14,1.4,1.64,1.87,2.08,2.29,2.49,2.69,2.88,3.07,3.26,3.45,3.63,3.82,4.02,4.23
Smith, Kevan,607345,CWS,145,C,30,R,0,0.54,0.85,1.13,1.38,1.62,1.84,2.05,2.26,2.46,2.65,2.84,3.03,3.21,3.39,3.58,3.76,3.94,4.13
Smith, Mallex,605480,TB,139,CF,25,L,0,0.53,0.79,1.03,1.26,1.47,1.68,1.87,2.05,2.22,2.4,2.57,2.73,2.9,3.06,3.22,3.39,3.55,3.73
Smoak, Justin,475253,TOR,141,1B,32,R,0,0.58,0.91,1.2,1.47,1.71,1.95,2.17,2.39,2.6,2.81,3.01,3.22,3.42,3.62,3.82,4.02,4.23,4.45
Sogard, Eric,519299,MIL,158,SS,32,L,0,0.52,0.83,1.1,1.35,1.58,1.79,2,2.2,2.39,2.59,2.78,2.97,3.16,3.34,3.52,3.72,3.91,4.1
Solarte, Yangervis,500208,TOR,141,3B,31,L,0,0.55,0.86,1.14,1.4,1.64,1.87,2.08,2.29,2.49,2.69,2.89,3.08,3.27,3.46,3.66,3.85,4.06,4.27
Soler, Jorge,624585,KC,118,RF,26,R,0,0.55,0.86,1.13,1.38,1.6,1.82,2.02,2.21,2.4,2.58,2.76,2.94,3.11,3.29,3.46,3.63,3.81,3.99
Soto, Juan,665742,WSH,120,LF,20,L,0,0.56,0.87,1.14,1.38,1.6,1.81,2.01,2.21,2.39,2.58,2.76,2.94,3.11,3.29,3.46,3.64,3.82,4.01
Souza Jr., Steven,519306,ARI,109,RF,29,R,0,0.54,0.83,1.08,1.32,1.54,1.76,1.95,2.15,2.33,2.52,2.69,2.87,3.05,3.22,3.39,3.56,3.73,3.91
Span, Denard,452655,SEA,136,LF,34,L,0,0.52,0.8,1.06,1.3,1.52,1.73,1.93,2.12,2.3,2.49,2.67,2.84,3.02,3.19,3.36,3.54,3.72,3.9
Spangenberg, Cory,605486,SD,135,2B,27,L,0,0.54,0.82,1.06,1.29,1.5,1.7,1.89,2.08,2.26,2.43,2.6,2.77,2.94,3.11,3.27,3.44,3.6,3.78
Springer, George,543807,HOU,117,CF,29,R,0,0.53,0.81,1.07,1.3,1.53,1.73,1.93,2.12,2.31,2.49,2.67,2.84,3.02,3.19,3.37,3.54,3.72,3.9
Stanton, Giancarlo,519317,NYY,147,DH,29,R,0,0.53,0.81,1.07,1.31,1.53,1.74,1.94,2.13,2.32,2.5,2.68,2.86,3.04,3.21,3.39,3.56,3.74,3.92
Stassi, Max,545358,HOU,117,C,27,R,0,0.55,0.85,1.12,1.38,1.62,1.84,2.05,2.25,2.45,2.65,2.84,3.03,3.22,3.41,3.59,3.78,3.97,4.17
Story, Trevor,596115,COL,115,SS,26,R,0,0.53,0.82,1.06,1.29,1.51,1.71,1.9,2.09,2.27,2.44,2.61,2.78,2.94,3.11,3.27,3.43,3.59,3.76
Suarez, Eugenio,553993,CIN,113,3B,27,R,0,0.54,0.85,1.13,1.38,1.61,1.83,2.04,2.25,2.44,2.64,2.83,3.01,3.2,3.38,3.56,3.75,3.94,4.13
Sucre, Jesus,491696,TB,139,C,30,R,0,0.56,0.9,1.2,1.47,1.73,1.97,2.2,2.42,2.63,2.85,3.06,3.27,3.48,3.7,3.92,4.14,4.38,4.64
Suzuki, Kurt,435559,ATL,144,C,35,R,0,0.55,0.86,1.14,1.39,1.63,1.86,2.08,2.29,2.49,2.69,2.88,3.08,3.27,3.46,3.65,3.83,4.03,4.22
Swanson, Dansby,621020,ATL,144,SS,24,R,0,0.53,0.81,1.07,1.31,1.52,1.73,1.92,2.11,2.29,2.47,2.64,2.81,2.98,3.15,3.32,3.48,3.65,3.82
Taylor, Chris,621035,LAD,119,SS,28,R,0,0.55,0.85,1.12,1.36,1.58,1.79,1.99,2.18,2.37,2.55,2.73,2.91,3.08,3.25,3.42,3.6,3.77,3.94
Taylor, Michael A.,572191,WSH,120,CF,27,R,0,0.54,0.83,1.08,1.32,1.53,1.74,1.93,2.12,2.31,2.48,2.66,2.83,3,3.17,3.34,3.5,3.67,3.83
Thames, Eric,519346,MIL,158,1B,32,L,0,0.51,0.79,1.04,1.28,1.5,1.72,1.92,2.11,2.3,2.48,2.66,2.84,3.02,3.2,3.37,3.55,3.72,3.9
Thompson, Trayce,572204,CWS,145,RF,27,R,0,0.54,0.83,1.09,1.33,1.57,1.78,1.99,2.18,2.37,2.56,2.74,2.92,3.1,3.28,3.46,3.63,3.82,4
Tilson, Charlie,605508,CWS,145,LF,26,L,0,0.54,0.81,1.05,1.28,1.5,1.7,1.9,2.09,2.27,2.45,2.62,2.79,2.96,3.13,3.3,3.47,3.64,3.82
Tomlinson, Kelby,605509,SF,137,2B,28,R,0,0.56,0.85,1.11,1.35,1.58,1.79,1.99,2.19,2.38,2.56,2.74,2.92,3.1,3.27,3.45,3.62,3.79,3.97
Torres, Gleyber,650402,NYY,147,2B,22,R,0,0.54,0.84,1.11,1.36,1.58,1.8,2,2.2,2.39,2.58,2.76,2.95,3.13,3.3,3.48,3.66,3.84,4.02
Travis, Devon,581527,TOR,141,2B,27,R,0,0.55,0.85,1.12,1.37,1.6,1.81,2.02,2.22,2.41,2.6,2.78,2.97,3.15,3.33,3.51,3.7,3.88,4.08
Trout, Mike,545361,LAA,108,CF,27,R,0,0.52,0.8,1.04,1.27,1.48,1.69,1.88,2.06,2.24,2.41,2.58,2.75,2.92,3.08,3.25,3.41,3.58,3.76
Trumbo, Mark,444432,BAL,110,DH,32,R,0,0.55,0.87,1.14,1.4,1.64,1.86,2.07,2.28,2.48,2.67,2.86,3.05,3.24,3.42,3.6,3.79,3.97,4.16
Tucker, Preston,605512,ATL,144,LF,28,L,0,0.52,0.8,1.06,1.31,1.54,1.75,1.96,2.16,2.35,2.54,2.73,2.91,3.09,3.28,3.46,3.64,3.82,4.01
Turner, Justin,457759,LAD,119,3B,34,R,0,0.54,0.84,1.11,1.36,1.6,1.82,2.02,2.22,2.42,2.61,2.8,2.99,3.17,3.35,3.54,3.72,3.9,4.09
Turner, Trea,607208,WSH,120,SS,25,R,0,0.55,0.84,1.09,1.31,1.52,1.72,1.91,2.09,2.27,2.44,2.61,2.77,2.93,3.09,3.26,3.42,3.58,3.75
Upton, Justin,457708,LAA,108,LF,31,R,0,0.54,0.84,1.09,1.33,1.56,1.77,1.97,2.16,2.35,2.53,2.71,2.88,3.06,3.23,3.4,3.57,3.74,3.92
Utley, Chase,400284,LAD,119,2B,40,L,0,0.52,0.81,1.08,1.33,1.56,1.78,1.98,2.18,2.37,2.57,2.75,2.94,3.12,3.3,3.48,3.66,3.85,4.04
Valaika, Pat,642162,COL,115,1B,26,R,0,0.54,0.84,1.11,1.36,1.58,1.8,2.01,2.2,2.39,2.58,2.77,2.95,3.13,3.31,3.48,3.66,3.85,4.03
Valencia, Danny,502143,BAL,110,3B,34,R,0,0.55,0.85,1.12,1.38,1.61,1.83,2.04,2.25,2.44,2.64,2.82,3.01,3.19,3.38,3.56,3.74,3.93,4.12
Vazquez, Christian,543877,BOS,111,C,28,R,0,0.55,0.87,1.16,1.42,1.67,1.9,2.11,2.33,2.53,2.73,2.93,3.12,3.32,3.51,3.7,3.89,4.09,4.29
Villanueva, Christian,570799,SD,135,3B,27,R,0,0.54,0.86,1.15,1.41,1.65,1.87,2.08,2.29,2.49,2.69,2.89,3.08,3.27,3.46,3.65,3.84,4.04,4.25
Villar, Jonathan,542340,BAL,110,2B,27,L,0,0.54,0.82,1.07,1.3,1.52,1.73,1.93,2.12,2.31,2.49,2.67,2.85,3.03,3.2,3.38,3.56,3.74,3.94
Villar, Jonathan,542340,BAL,110,2B,27,R,0,0.53,0.82,1.08,1.32,1.55,1.76,1.96,2.15,2.34,2.52,2.71,2.89,3.07,3.25,3.43,3.61,3.8,4
Votto, Joey,458015,CIN,113,1B,35,L,0,0.53,0.83,1.11,1.37,1.61,1.84,2.05,2.26,2.47,2.67,2.86,3.06,3.25,3.44,3.64,3.84,4.05,4.28
Walker, Neil,435522,NYY,147,1B,33,L,0,0.53,0.82,1.09,1.34,1.58,1.8,2.01,2.21,2.41,2.6,2.79,2.98,3.16,3.35,3.53,3.71,3.91,4.1
Wendle, Joey,621563,TB,139,2B,28,L,0,0.53,0.82,1.07,1.31,1.53,1.74,1.94,2.13,2.31,2.49,2.67,2.85,3.02,3.2,3.37,3.54,3.72,3.89
White, Tyler,643603,HOU,117,1B,28,R,0,0.54,0.85,1.13,1.39,1.63,1.85,2.07,2.27,2.47,2.67,2.87,3.06,3.25,3.43,3.62,3.82,4.01,4.22
Williams, Mason,592863,CIN,113,RF,27,L,0,0.56,0.86,1.13,1.38,1.61,1.82,2.03,2.23,2.42,2.61,2.79,2.97,3.15,3.33,3.5,3.68,3.86,4.04
Williams, Nick,608384,PHI,143,RF,25,L,0,0.54,0.83,1.08,1.32,1.53,1.74,1.94,2.13,2.31,2.49,2.67,2.84,3.02,3.19,3.36,3.53,3.72,3.91
Williamson, Mac,607776,SF,137,LF,28,R,0,0.55,0.86,1.13,1.37,1.6,1.81,2.02,2.22,2.41,2.59,2.77,2.95,3.13,3.3,3.48,3.65,3.82,4
Wilson, Bobby,435064,MIN,142,C,35,R,0,0.57,0.91,1.21,1.48,1.74,1.98,2.21,2.43,2.65,2.87,3.08,3.29,3.5,3.71,3.91,4.12,4.34,4.57
Winker, Jesse,608385,CIN,113,RF,25,L,0,0.53,0.83,1.1,1.35,1.59,1.81,2.02,2.22,2.42,2.62,2.81,2.99,3.18,3.37,3.55,3.74,3.93,4.13
Wolters, Tony,547172,COL,115,C,26,L,0,0.53,0.83,1.1,1.35,1.59,1.81,2.02,2.22,2.42,2.62,2.81,3,3.19,3.38,3.57,3.76,3.96,4.17
Wong, Kolten,543939,STL,138,2B,28,L,0,0.52,0.8,1.05,1.29,1.51,1.72,1.92,2.11,2.29,2.47,2.65,2.83,3.01,3.18,3.36,3.54,3.72,3.91
Yelich, Christian,592885,MIL,158,RF,27,L,0,0.52,0.8,1.05,1.29,1.5,1.71,1.9,2.09,2.27,2.45,2.62,2.8,2.97,3.13,3.3,3.47,3.64,3.81
Zimmerman, Ryan,475582,WSH,120,1B,34,R,0,0.55,0.85,1.12,1.37,1.6,1.82,2.03,2.23,2.43,2.62,2.81,3,3.18,3.36,3.54,3.73,3.91,4.1
Zobrist, Ben,450314,CHC,112,RF,37,L,0,0.54,0.84,1.11,1.35,1.58,1.8,2.01,2.21,2.4,2.59,2.78,2.97,3.15,3.33,3.51,3.7,3.89,4.09
Zobrist, Ben,450314,CHC,112,RF,37,R,0,0.56,0.87,1.14,1.39,1.63,1.85,2.05,2.25,2.45,2.64,2.83,3.02,3.2,3.38,3.57,3.75,3.93,4.12
Zunino, Mike,572287,SEA,136,C,27,R,0,0.55,0.86,1.14,1.39,1.63,1.85,2.06,2.26,2.46,2.66,2.85,3.04,3.22,3.41,3.59,3.78,3.96,4.16